#epoch	anon	shmem	unevict	memfree	file	avail
1784974777	3.2	0.5	3.7	496.9	423.5	919.9
1784974779	3.3	0.5	3.8	497.0	423.5	920.0
1784974781	3.3	0.5	3.8	496.9	423.5	919.9
1784974783	3.6	0.5	4.1	496.8	423.5	919.8
1784974785	3.7	0.5	4.2	496.7	423.5	919.7
1784974787	3.8	0.5	4.3	496.7	423.5	919.7
1784974789	5.4	0.5	6.0	496.0	423.5	919.0
1784974791	5.7	0.5	6.2	495.9	423.5	918.9
1784974793	5.8	0.5	6.3	495.8	423.5	918.8
1784974795	5.9	0.5	6.4	495.7	423.5	918.7
1784974797	5.9	0.5	6.4	495.5	423.5	918.5
1784974799	5.9	0.5	6.5	495.5	423.5	918.5
1784974801	6.0	0.5	6.5	495.4	423.5	918.5
1784974803	6.0	0.5	6.5	495.4	423.5	918.4
1784974805	6.0	0.5	6.5	495.4	423.5	918.4
1784974807	6.2	0.5	6.7	495.2	423.5	918.2
1784974809	9.3	0.5	9.8	493.4	423.5	916.4
1784974811	9.7	0.5	10.3	492.4	423.5	915.4
1784974813	10.9	0.5	11.4	491.4	423.5	914.5
1784974815	12.0	0.5	12.5	490.1	423.5	913.1
1784974817	12.1	0.5	12.6	489.9	423.5	912.9
1784974819	12.5	0.5	13.0	489.6	423.5	912.6
1784974821	12.6	0.5	13.2	489.5	423.5	912.5
1784974823	13.1	0.5	13.6	489.0	423.5	912.0
1784974825	13.2	0.5	13.8	488.9	423.5	911.9
1784974827	13.2	0.5	13.7	489.0	423.5	912.0
1784974829	13.3	0.5	13.8	489.0	423.5	912.0
1784974831	13.6	0.5	14.1	488.6	423.5	911.6
1784974833	13.8	0.5	14.4	488.4	423.5	911.5
1784974835	13.7	0.5	14.2	488.8	423.5	911.8
1784974837	14.3	0.5	14.9	488.5	423.5	911.5
1784974839	12.4	0.5	12.9	490.2	423.5	913.2
1784974841	12.3	0.5	12.9	490.2	423.6	913.3
1784974843	12.3	0.5	12.9	490.2	423.4	913.1
1784974845	3.4	0.5	4.0	499.0	423.5	922.0
1784974847	3.5	0.5	4.1	498.9	423.5	921.9
1784974849	3.5	0.5	4.1	498.7	423.5	921.7
1784974851	3.6	0.5	4.2	498.5	423.5	921.5
1784974853	3.8	0.5	4.3	498.2	423.6	921.2
1784974855	4.1	0.6	4.7	496.8	424.0	920.2
1784974857	4.6	0.6	5.2	496.3	424.0	919.7
1784974859	5.1	0.6	5.7	495.5	424.0	918.9
1784974861	5.4	0.6	6.1	495.1	424.0	918.5
1784974863	5.6	0.6	6.2	495.1	424.0	918.5
1784974865	5.8	0.6	6.4	494.8	424.0	918.2
1784974867	5.9	0.6	6.6	494.4	424.0	917.7
1784974869	6.1	0.6	6.7	494.0	424.0	917.4
1784974871	6.3	0.6	6.9	493.9	424.0	917.3
1784974873	6.5	0.6	7.1	493.8	424.0	917.2
1784974875	7.1	0.6	7.7	493.4	424.0	916.8
1784974877	6.7	0.6	7.4	493.6	424.2	917.1
1784974879	4.1	0.6	4.7	495.7	424.4	919.5
1784974881	4.1	0.6	4.7	495.6	424.4	919.4
1784974883	4.1	0.6	4.7	495.6	424.4	919.4
1784974885	4.1	0.6	4.7	495.6	424.4	919.4
1784974887	4.1	0.6	4.7	495.7	424.4	919.5
1784974889	4.1	0.6	4.7	495.7	424.4	919.5
1784974891	4.1	0.6	4.7	495.7	424.4	919.5
1784974893	4.1	0.6	4.7	495.6	424.4	919.3
1784974895	4.1	0.6	4.7	495.5	424.4	919.3
1784974897	4.1	0.6	4.7	495.5	424.4	919.3
1784974899	4.1	0.6	4.7	495.4	424.4	919.2
1784974901	4.1	0.6	4.7	495.5	424.4	919.3
1784974903	4.1	0.6	4.7	495.7	424.4	919.5
1784974905	4.1	0.6	4.7	495.8	424.4	919.6
1784974907	4.1	0.6	4.7	496.0	424.4	919.7
1784974909	4.1	0.6	4.7	495.9	424.4	919.7
1784974911	4.1	0.6	4.7	495.9	424.4	919.7
1784974913	4.1	0.6	4.7	495.8	424.4	919.6
1784974915	4.1	0.6	4.7	495.7	424.4	919.5
1784974917	4.1	0.6	4.7	495.6	424.4	919.4
1784974919	4.1	0.6	4.7	495.5	424.4	919.3
1784974921	4.1	0.6	4.7	495.5	424.4	919.3
1784974923	4.1	0.6	4.7	495.5	424.4	919.3
1784974925	4.1	0.6	4.7	495.7	424.4	919.5
1784974927	4.1	0.6	4.7	495.7	424.4	919.4
1784974929	4.1	0.6	4.7	495.8	424.4	919.5
1784974931	4.1	0.6	4.7	495.9	424.4	919.7
1784974933	4.1	0.6	4.7	496.0	424.4	919.8
1784974935	4.1	0.6	4.7	496.0	424.4	919.8
1784974937	4.1	0.6	4.7	495.9	424.4	919.7
1784974939	4.1	0.6	4.7	496.1	424.4	919.9
1784974941	4.1	0.6	4.7	496.0	424.4	919.8
1784974943	4.1	0.6	4.7	495.9	424.4	919.7
1784974945	4.1	0.6	4.7	495.9	424.4	919.7
1784974947	4.1	0.6	4.7	495.9	424.4	919.6
1784974949	4.1	0.6	4.7	495.7	424.4	919.5
1784974951	4.1	0.6	4.7	495.6	424.4	919.4
1784974953	4.1	0.6	4.7	495.5	424.4	919.3
1784974955	4.1	0.6	4.7	495.4	424.4	919.2
1784974957	4.1	0.6	4.7	495.3	424.4	919.1
1784974959	4.1	0.6	4.7	495.2	424.4	919.0
1784974961	4.1	0.6	4.7	495.3	424.4	919.0
1784974963	4.1	0.6	4.7	495.5	424.4	919.3
1784974965	4.1	0.6	4.7	495.7	424.4	919.5
1784974967	4.1	0.6	4.7	495.9	424.4	919.7
1784974969	4.1	0.6	4.7	496.0	424.4	919.8
1784974971	4.1	0.6	4.7	496.1	424.4	919.8
1784974973	6.7	0.6	7.3	493.8	424.4	917.6
1784974975	10.3	0.6	10.9	490.2	424.4	914.0
1784974977	14.6	0.6	15.2	485.7	424.4	909.5
1784974979	18.5	0.6	19.1	481.8	424.4	905.6
1784974981	22.1	0.6	22.7	478.2	424.4	902.0
1784974983	25.7	0.6	26.3	474.6	424.4	898.4
1784974985	29.2	0.6	29.9	471.1	424.4	894.8
1784974987	32.9	0.6	33.5	467.4	424.4	891.2
1784974989	36.7	0.6	37.3	463.5	424.4	887.2
1784974992	40.3	0.6	40.9	459.9	424.4	883.7
1784974994	43.9	0.6	44.5	456.3	424.4	880.0
1784974996	47.5	0.6	48.1	452.7	424.4	876.4
1784974998	51.1	0.6	51.7	449.1	424.4	872.9
1784975000	54.7	0.6	55.3	445.5	424.4	869.3
1784975002	58.3	0.6	58.9	441.9	424.4	865.7
1784975004	61.9	0.6	62.5	438.4	424.4	862.2
1784975006	65.5	0.6	66.1	434.8	424.4	858.6
1784975008	69.0	0.6	69.7	431.1	424.4	854.9
1784975010	72.6	0.6	73.3	427.5	424.4	851.3
1784975012	76.1	0.6	76.7	424.1	424.4	847.9
1784975014	79.5	0.6	80.2	420.6	424.4	844.4
1784975016	83.1	0.6	83.7	417.0	424.4	840.8
1784975018	86.7	0.6	87.3	413.2	424.4	837.0
1784975020	90.3	0.6	90.9	409.5	424.4	833.3
1784975022	93.9	0.6	94.5	405.8	424.4	829.6
1784975024	97.5	0.6	98.1	402.2	424.4	826.0
1784975026	101.1	0.6	101.7	398.5	424.4	822.3
1784975028	104.4	0.6	105.1	395.0	424.4	818.8
1784975030	107.5	0.6	108.2	391.9	424.4	815.7
1784975032	110.9	0.6	111.5	388.6	424.4	812.4
1784975034	114.4	0.6	115.1	385.1	424.4	808.9
1784975036	118.1	0.6	118.7	381.4	424.4	805.2
1784975038	121.6	0.6	122.3	377.8	424.4	801.6
1784975040	125.9	0.6	126.5	373.5	424.4	797.3
1784975042	129.8	0.6	130.4	369.7	424.4	793.5
1784975044	133.4	0.6	134.0	366.1	424.4	789.8
1784975046	137.0	0.6	137.6	362.5	424.4	786.3
1784975048	140.9	0.6	141.5	358.6	424.4	782.4
1784975050	144.5	0.6	145.1	355.0	424.4	778.8
1784975052	147.8	0.6	148.4	351.7	424.4	775.5
1784975054	151.4	0.6	152.0	348.1	424.4	771.8
1784975056	155.0	0.6	155.6	344.6	424.4	768.4
1784975058	157.6	0.6	158.2	342.1	424.4	765.9
1784975060	161.2	0.6	161.8	338.6	424.4	762.4
1784975062	164.8	0.6	165.4	335.1	424.4	758.9
1784975064	168.3	0.6	168.9	331.5	424.4	755.3
1784975066	171.9	0.6	172.5	328.0	424.4	751.8
1784975068	175.5	0.6	176.1	324.4	424.4	748.2
1784975070	178.1	0.6	178.7	321.9	424.4	745.7
1784975072	181.7	0.6	182.3	318.2	424.4	742.0
1784975074	184.5	0.6	185.1	315.4	424.4	739.2
1784975076	187.9	0.6	188.5	312.0	424.4	735.8
1784975078	191.2	0.6	191.8	308.8	424.4	732.5
1784975080	194.8	0.6	195.4	305.2	424.4	729.0
1784975082	198.3	0.6	199.0	301.6	424.4	725.4
1784975084	201.9	0.6	202.5	298.0	424.4	721.8
1784975086	205.2	0.6	205.8	294.7	424.4	718.5
1784975088	208.3	0.6	209.0	291.4	424.4	715.2
1784975090	211.4	0.6	212.0	288.3	424.4	712.1
1784975092	214.3	0.6	214.9	285.4	424.4	709.2
1784975094	217.6	0.6	218.2	282.1	424.4	705.9
1784975096	220.2	0.6	220.8	279.6	424.4	703.4
1784975098	223.5	0.6	224.1	276.3	424.4	700.1
1784975100	227.1	0.6	227.7	272.8	424.4	696.6
1784975102	229.6	0.6	230.2	270.3	424.4	694.1
1784975104	232.0	0.6	232.7	267.9	424.4	691.7
1784975106	234.6	0.6	235.2	265.4	424.4	689.2
1784975108	237.9	0.6	238.5	262.2	424.4	685.9
1784975110	241.4	0.6	242.0	258.6	424.4	682.4
1784975112	244.2	0.6	244.8	255.7	424.4	679.5
1784975114	246.3	0.6	247.0	253.5	424.4	677.3
1784975116	248.9	0.6	249.6	250.8	424.4	674.6
1784975118	252.2	0.6	252.8	247.5	424.4	671.3
1784975120	255.1	0.6	255.7	244.6	424.4	668.4
1784975122	257.1	0.6	257.7	242.5	424.4	666.3
1784975124	259.3	0.6	259.9	240.0	424.4	663.8
1784975126	262.7	0.6	263.3	237.1	424.4	660.8
1784975128	264.9	0.6	265.5	234.8	424.4	658.6
1784975130	266.9	0.6	267.5	232.8	424.4	656.6
1784975132	270.2	0.6	270.8	229.6	424.4	653.4
1784975134	272.4	0.6	273.0	227.4	424.4	651.2
1784975136	274.1	0.6	274.7	225.6	424.4	649.4
1784975138	277.3	0.6	278.0	222.3	424.4	646.0
1784975140	279.4	0.6	280.1	220.1	424.4	643.9
1784975142	281.1	0.6	281.7	218.4	424.4	642.1
1784975144	284.3	0.6	284.9	215.3	424.4	639.1
1784975146	286.2	0.6	286.8	213.5	424.4	637.3
1784975148	288.2	0.6	288.8	211.6	424.4	635.4
1784975150	291.4	0.6	292.0	208.4	424.4	632.1
1784975152	293.0	0.6	293.7	206.8	424.4	630.6
1784975154	295.4	0.6	296.0	204.5	424.4	628.3
1784975156	298.3	0.6	299.0	201.4	424.4	625.2
1784975158	299.4	0.6	300.0	200.0	424.4	623.8
1784975160	302.5	0.6	303.1	196.9	424.4	620.7
1784975162	304.6	0.6	305.2	194.8	424.4	618.6
1784975164	305.9	0.6	306.5	193.0	424.4	616.8
1784975166	309.4	0.6	310.0	190.1	424.4	613.9
1784975168	310.9	0.6	311.5	188.6	424.4	612.4
1784975170	313.3	0.6	313.9	186.1	424.4	609.9
1784975172	315.6	0.6	316.2	183.7	424.4	607.5
1784975174	317.2	0.6	317.8	182.1	424.4	605.9
1784975176	320.2	0.6	320.8	179.1	424.4	602.9
1784975178	321.7	0.6	322.4	177.4	424.4	601.2
1784975180	324.1	0.6	324.7	175.1	424.4	598.8
1784975182	326.5	0.6	327.2	172.6	424.4	596.4
1784975184	328.0	0.6	328.6	171.1	424.4	594.8
1784975186	331.2	0.6	331.8	167.8	424.4	591.6
1784975188	332.8	0.6	333.4	166.2	424.4	590.0
1784975190	334.9	0.6	335.5	164.1	424.4	587.9
1784975192	337.6	0.6	338.3	161.3	424.4	585.1
1784975194	338.7	0.6	339.4	160.3	424.4	584.1
1784975196	342.0	0.6	342.6	157.0	424.4	580.8
1784975198	343.6	0.6	344.2	155.4	424.4	579.2
1784975200	345.6	0.6	346.2	153.0	424.4	576.8
1784975202	348.0	0.6	348.6	150.8	424.4	574.6
1784975204	349.5	0.6	350.1	149.2	424.4	573.0
1784975206	352.5	0.6	353.1	146.3	424.4	570.1
1784975208	354.1	0.6	354.7	144.7	424.4	568.5
1784975210	356.4	0.6	357.0	142.4	424.4	566.2
1784975212	358.7	0.6	359.3	140.1	424.4	563.9
1784975214	360.0	0.6	360.6	138.7	424.4	562.5
1784975216	363.1	0.6	363.7	135.7	424.4	559.5
1784975218	363.9	0.6	364.5	134.9	424.4	558.7
1784975220	367.1	0.6	367.8	131.6	424.4	555.4
1784975222	368.5	0.6	369.1	130.3	424.4	554.1
1784975224	370.8	0.6	371.4	128.0	424.4	551.7
1784975226	373.0	0.6	373.7	125.7	424.4	549.5
1784975228	374.4	0.6	375.0	124.4	424.4	548.2
1784975230	377.6	0.6	378.2	121.1	424.4	544.9
1784975232	378.2	0.6	378.9	120.5	424.4	544.2
1784975234	381.5	0.6	382.1	117.2	424.4	541.0
1784975236	382.7	0.6	383.4	116.0	424.4	539.8
1784975238	385.1	0.6	385.7	113.6	424.4	537.4
1784975240	386.4	0.6	387.1	111.8	424.4	535.6
1784975242	388.7	0.6	389.3	109.9	424.4	533.7
1784975244	389.8	0.6	390.5	108.3	424.4	532.1
1784975246	392.3	0.6	392.9	106.3	424.4	530.1
1784975248	393.1	0.6	393.8	105.6	424.4	529.4
1784975250	395.8	0.6	396.4	102.9	424.4	526.7
1784975252	396.2	0.6	396.8	102.5	424.4	526.3
1784975254	399.2	0.6	399.8	99.6	424.4	523.3
1784975256	399.8	0.6	400.4	98.9	424.4	522.7
1784975258	402.8	0.6	403.4	96.0	424.4	519.8
1784975260	403.4	0.6	404.0	95.3	424.4	519.1
1784975262	406.4	0.6	407.0	92.4	424.4	516.2
1784975264	409.8	0.6	410.5	88.8	424.4	512.6
1784975266	409.1	0.6	409.7	89.6	424.4	513.4
1784975268	411.3	4.6	415.9	85.2	428.4	509.0
1784975270	418.0	8.6	426.5	74.9	432.3	498.7
1784975272	422.8	8.6	431.3	72.0	432.3	495.8
1784975274	423.7	8.6	432.3	71.6	432.4	495.4
1784975276	423.8	8.6	432.4	70.8	432.4	494.6
1784975278	423.8	8.6	432.3	70.4	432.4	494.2
1784975280	423.8	8.6	432.3	69.9	432.4	493.7
1784975282	423.8	8.6	432.4	69.3	432.4	493.1
1784975284	423.8	8.6	432.3	68.8	432.4	492.6
1784975286	423.8	8.6	432.4	68.4	432.4	492.2
1784975288	432.6	8.6	441.2	59.2	432.4	483.0
1784975290	441.4	8.6	450.0	49.9	432.4	473.7
1784975292	452.3	8.6	460.9	38.5	432.4	462.3
1784975294	461.9	8.6	470.4	28.6	432.4	452.4
1784975296	472.9	8.6	481.5	27.7	422.9	442.0
1784975298	482.4	8.6	491.0	24.1	416.6	432.2
1784975300	491.7	8.6	500.3	27.2	404.5	423.1
1784975302	502.9	8.6	511.5	24.7	395.7	411.8
1784975304	511.7	8.6	520.3	27.6	384.2	403.2
1784975306	522.3	8.6	530.9	22.4	378.6	392.4
1784975308	532.2	8.6	540.8	26.3	364.9	382.6
1784975310	542.7	8.6	551.2	23.5	357.0	372.0
1784975312	552.7	8.6	561.3	28.8	341.8	362.0
1784975314	561.7	8.6	570.3	26.9	334.5	352.8
1784975316	573.1	8.6	581.7	22.5	327.3	341.2
1784975318	582.0	8.6	590.6	27.7	313.6	332.8
1784975320	593.0	8.6	601.6	24.4	306.0	321.8
1784975322	602.5	8.6	611.1	26.3	294.6	312.4
1784975324	611.3	8.6	619.9	25.1	287.2	303.7
1784975326	621.5	8.6	630.1	22.8	279.5	293.8
1784975328	631.8	8.6	640.4	23.9	268.2	283.5
1784975330	640.6	8.6	649.2	29.1	254.2	274.7
1784975332	652.3	8.6	660.9	25.5	246.2	263.1
1784975334	661.1	8.6	669.7	24.3	238.5	254.2
1784975336	672.0	8.6	680.6	25.5	226.7	243.6
1784975338	675.8	8.6	684.4	25.9	222.3	239.6
1784975340	675.8	8.6	684.4	25.7	222.3	239.4
1784975342	675.9	8.6	684.5	25.3	222.3	239.0
1784975344	676.0	8.6	684.6	25.2	222.3	238.9
1784975346	676.0	8.6	684.6	25.2	222.3	238.9
1784975348	676.1	8.6	684.6	25.1	222.3	238.8
1784975350	676.1	8.6	684.7	25.0	222.3	238.7
1784975352	676.2	8.6	684.7	24.9	222.3	238.6
1784975354	676.2	8.6	684.8	24.9	222.3	238.6
1784975356	676.2	8.6	684.8	24.9	222.3	238.6
1784975358	676.3	8.6	684.8	24.7	222.3	238.5
1784975360	676.3	8.6	684.9	24.6	222.3	238.3
1784975362	676.4	8.6	684.9	24.5	222.3	238.3
1784975364	676.5	8.6	685.0	24.4	222.3	238.1
1784975366	676.5	8.6	685.1	24.5	222.3	238.2
1784975368	676.5	8.6	685.1	24.4	222.3	238.2
1784975370	676.6	8.6	685.1	24.4	222.3	238.1
1784975372	676.6	8.6	685.2	24.4	222.3	238.1
1784975374	676.7	8.6	685.3	24.3	222.3	238.0
1784975376	676.7	8.6	685.3	24.2	222.3	238.0
1784975378	676.7	8.6	685.3	24.2	222.3	237.9
1784975380	676.8	8.6	685.4	24.2	222.3	237.9
1784975382	676.9	8.6	685.4	24.1	222.3	237.8
1784975384	676.9	8.6	685.5	24.0	222.3	237.7
1784975386	676.9	8.6	685.5	24.0	222.3	237.7
1784975388	677.0	8.6	685.5	23.9	222.3	237.6
1784975390	677.0	8.6	685.6	23.8	222.3	237.6
1784975392	677.1	8.6	685.7	23.9	222.3	237.6
1784975394	677.1	8.6	685.7	23.8	222.3	237.5
1784975396	677.2	8.6	685.8	23.9	222.3	237.6
1784975398	677.2	8.6	685.8	23.8	222.3	237.5
1784975400	677.3	8.6	685.9	23.8	222.3	237.5
1784975402	677.3	8.6	685.9	23.8	222.3	237.5
1784975404	677.4	8.6	685.9	23.7	222.3	237.4
1784975406	677.4	8.6	686.0	23.6	222.3	237.3
1784975408	677.4	8.6	686.0	23.6	222.3	237.3
1784975410	677.5	8.6	686.1	23.5	222.3	237.2
1784975412	677.5	8.6	686.1	23.4	222.3	237.1
1784975414	677.6	8.6	686.2	23.4	222.3	237.1
1784975416	677.7	8.6	686.2	23.4	222.3	237.1
1784975418	677.7	8.6	686.2	23.4	222.3	237.1
1784975420	677.7	8.6	686.3	23.3	222.3	237.0
1784975422	677.8	8.6	686.3	23.2	222.3	236.9
1784975424	677.8	8.6	686.4	23.2	222.3	236.9
1784975426	677.9	8.6	686.5	23.1	222.3	236.8
1784975428	677.9	8.6	686.5	23.1	222.3	236.8
1784975430	677.9	8.6	686.5	23.0	222.3	236.7
1784975432	678.0	8.6	686.6	22.9	222.3	236.6
1784975434	678.1	8.6	686.7	22.8	222.3	236.5
1784975436	678.1	8.6	686.7	22.9	222.3	236.6
1784975438	678.1	8.6	686.7	22.9	222.3	236.6
1784975440	678.2	8.6	686.8	22.8	222.3	236.5
1784975442	678.2	8.6	686.8	22.7	222.3	236.4
1784975444	678.3	8.6	686.9	22.7	222.3	236.4
1784975446	678.3	8.6	686.9	22.6	222.3	236.3
1784975448	678.3	8.6	686.9	22.6	222.3	236.3
1784975450	678.4	8.6	687.0	22.5	222.3	236.2
1784975452	678.5	8.6	687.0	22.5	222.3	236.2
1784975454	678.5	8.6	687.1	22.5	222.3	236.2
1784975456	678.6	8.6	687.2	22.5	222.3	236.2
1784975458	678.6	8.6	687.2	22.4	222.3	236.1
1784975460	678.6	8.6	687.2	22.4	222.3	236.1
1784975462	678.7	8.6	687.3	22.3	222.3	236.0
1784975464	678.7	8.6	687.3	22.2	222.3	236.0
1784975466	678.8	8.6	687.4	22.2	222.3	235.9
1784975468	678.8	8.6	687.4	22.1	222.3	235.8
1784975470	678.9	8.6	687.5	22.0	222.3	235.7
1784975472	678.9	8.6	687.5	22.0	222.3	235.7
1784975474	679.0	8.6	687.6	21.9	222.3	235.6
1784975476	679.0	8.6	687.6	21.8	222.3	235.6
1784975478	679.1	8.6	687.7	26.4	218.0	235.8
1784975480	679.1	8.6	687.7	26.2	218.0	235.6
1784975482	679.2	8.6	687.7	26.1	218.0	235.5
1784975484	679.2	8.6	687.8	26.0	218.0	235.4
1784975486	679.3	8.6	687.8	26.0	218.0	235.4
1784975488	679.3	8.6	687.9	26.0	218.0	235.4
1784975490	679.3	8.6	687.9	26.0	218.0	235.4
1784975492	679.4	8.6	688.0	25.9	218.0	235.3
1784975494	679.4	8.6	688.0	25.8	218.0	235.2
1784975496	679.5	8.6	688.1	25.8	218.0	235.2
1784975498	679.5	8.6	688.1	25.7	218.0	235.1
1784975500	679.6	8.6	688.2	25.7	218.0	235.1
1784975502	679.6	8.6	688.2	25.6	218.0	235.0
1784975504	679.7	8.6	688.3	25.5	218.0	234.9
1784975506	679.7	8.6	688.3	25.5	218.0	234.9
1784975508	679.8	8.6	688.4	25.4	218.0	234.8
1784975510	679.8	8.6	688.4	25.4	218.0	234.8
1784975512	679.8	8.6	688.4	25.3	218.0	234.7
1784975514	679.9	8.6	688.5	25.2	218.0	234.6
1784975516	680.0	8.6	688.6	25.2	218.0	234.6
1784975518	680.0	8.6	688.6	25.1	218.0	234.5
1784975520	680.0	8.6	688.6	25.1	218.0	234.5
1784975522	680.1	8.6	688.7	25.1	218.0	234.5
1784975524	680.1	8.6	688.7	25.0	218.0	234.4
1784975526	680.2	8.6	688.8	25.0	218.0	234.4
1784975528	680.3	8.6	688.8	24.9	218.0	234.3
1784975530	680.3	8.6	688.9	24.9	218.0	234.3
1784975532	680.3	8.6	688.9	24.8	218.0	234.2
1784975534	680.4	8.6	689.0	24.8	218.0	234.2
1784975536	680.4	8.6	689.0	24.7	218.0	234.1
1784975539	680.5	8.6	689.1	24.7	218.0	234.1
1784975541	680.5	8.6	689.1	24.6	218.0	234.0
1784975543	680.5	8.6	689.1	24.6	218.0	234.0
1784975545	680.6	8.6	689.2	24.5	218.0	233.9
1784975547	680.6	8.6	689.2	24.5	218.0	233.9
1784975549	680.7	8.6	689.3	24.4	218.0	233.8
1784975551	680.8	8.6	689.4	24.4	218.0	233.8
1784975553	680.8	8.6	689.4	24.4	218.0	233.8
1784975555	680.8	8.6	689.4	24.3	218.0	233.7
1784975557	680.9	8.6	689.5	24.2	218.0	233.6
1784975559	680.9	8.6	689.5	24.1	218.0	233.5
1784975561	681.0	8.6	689.6	24.1	218.0	233.5
1784975563	681.0	8.6	689.6	24.1	218.0	233.5
1784975565	681.1	8.6	689.7	24.0	218.0	233.4
1784975567	681.1	8.6	689.7	24.0	218.0	233.4
1784975569	681.2	8.6	689.8	23.9	218.0	233.3
1784975571	681.2	8.6	689.8	23.8	218.0	233.2
1784975573	681.3	8.6	689.9	23.7	218.0	233.1
1784975575	681.3	8.6	689.9	23.7	218.0	233.1
1784975577	681.4	8.6	689.9	23.6	218.0	233.0
1784975579	681.4	8.6	690.0	23.6	218.0	233.0
1784975581	681.5	8.6	690.0	23.6	218.0	233.0
1784975583	681.5	8.6	690.1	23.4	218.0	232.8
1784975585	681.6	8.6	690.1	23.4	218.0	232.8
1784975587	681.6	8.6	690.2	23.3	218.0	232.7
1784975589	681.6	8.6	690.2	23.3	218.0	232.7
1784975591	681.7	8.6	690.3	23.2	218.0	232.6
1784975593	681.7	8.6	690.3	23.1	218.0	232.5
1784975595	681.8	8.6	690.4	23.1	218.0	232.5
1784975597	681.8	8.6	690.4	23.1	218.0	232.5
1784975599	681.9	8.6	690.4	23.1	218.0	232.5
1784975601	681.9	8.6	690.5	23.0	218.0	232.4
1784975603	682.0	8.6	690.6	23.0	218.0	232.4
1784975605	682.0	8.6	690.6	22.9	218.0	232.3
1784975607	682.1	8.6	690.6	22.9	218.0	232.3
1784975609	682.1	8.6	690.7	22.9	218.0	232.3
1784975611	682.1	8.6	690.7	22.8	218.0	232.2
1784975613	682.2	8.6	690.8	22.7	218.0	232.1
1784975615	682.3	8.6	690.8	22.6	218.0	232.0
1784975617	682.3	8.6	690.9	22.5	218.0	231.9
1784975619	682.4	8.6	690.9	22.5	218.0	231.9
1784975621	682.4	8.6	691.0	22.5	218.0	231.9
1784975623	686.3	8.6	694.9	26.2	213.7	231.3
1784975625	697.7	8.6	706.3	22.4	213.5	227.3
1784975627	698.7	8.6	707.2	28.9	207.8	228.1
1784975629	698.8	8.6	707.3	28.9	207.9	228.1
1784975631	698.8	8.6	707.4	28.4	207.9	227.6
1784975633	698.8	8.6	707.3	27.8	207.9	227.1
1784975635	698.8	8.6	707.3	27.4	207.9	226.7
1784975637	698.8	8.6	707.3	27.0	207.9	226.2
1784975639	698.8	8.6	707.3	26.5	207.9	225.8
1784975641	698.8	8.6	707.3	26.1	207.9	225.4
1784975643	698.8	8.6	707.3	25.7	207.9	225.0
1784975645	698.8	8.6	707.4	25.3	207.9	224.6
1784975647	698.8	8.6	707.4	24.9	207.9	224.1
1784975649	698.8	8.6	707.3	24.4	207.9	223.7
1784975651	698.8	8.6	707.4	23.9	207.9	223.2
1784975653	698.8	8.6	707.3	23.6	207.9	222.9
1784975655	698.8	8.6	707.3	23.4	207.9	222.7
1784975657	698.8	8.6	707.3	23.1	207.9	222.4
1784975659	698.8	8.6	707.3	22.8	207.9	222.1
1784975661	698.8	8.6	707.3	22.5	207.9	221.7
1784975663	698.8	8.6	707.3	22.3	207.9	221.5
1784975665	698.8	8.6	707.4	22.0	207.9	221.3
1784975667	698.8	8.6	707.4	28.4	202.0	221.8
1784975669	698.8	8.6	707.4	27.9	202.0	221.3
1784975671	698.8	8.6	707.4	27.4	202.0	220.8
1784975673	698.8	8.6	707.4	27.0	202.0	220.4
1784975675	698.8	8.6	707.3	26.7	202.0	220.1
1784975677	698.8	8.6	707.3	26.3	202.0	219.7
1784975679	698.8	8.6	707.4	25.9	202.0	219.3
1784975681	698.8	8.6	707.3	25.6	202.0	219.0
1784975683	698.8	8.6	707.3	25.5	202.0	218.9
1784975685	698.8	8.6	707.3	25.4	202.0	218.8
1784975687	698.8	8.6	707.3	25.4	202.0	218.8
1784975689	698.8	8.6	707.3	25.4	202.0	218.8
1784975691	698.8	8.6	707.3	25.2	202.0	218.6
1784975693	698.7	8.6	707.3	25.2	202.0	218.6
1784975695	698.8	8.6	707.3	24.9	202.0	218.3
1784975697	698.8	8.6	707.4	24.8	202.0	218.3
1784975699	698.8	8.6	707.3	24.9	202.0	218.3
1784975701	698.8	8.6	707.4	24.9	202.0	218.4
1784975703	698.8	8.6	707.3	24.9	202.0	218.3
1784975705	698.8	8.6	707.3	24.8	202.0	218.3
1784975707	698.8	8.6	707.4	24.9	202.0	218.3
1784975709	698.8	8.6	707.4	24.8	202.0	218.2
1784975711	698.8	8.6	707.4	24.8	202.0	218.2
1784975713	698.8	8.6	707.4	24.7	202.0	218.1
1784975715	698.8	8.6	707.4	24.7	202.0	218.1
1784975717	698.8	8.6	707.4	24.5	202.0	218.0
1784975719	698.8	8.6	707.4	24.5	202.0	217.9
1784975721	698.8	8.6	707.3	24.4	202.0	217.8
1784975723	698.8	8.6	707.3	24.4	202.0	217.8
1784975725	698.8	8.6	707.4	24.5	202.0	218.0
1784975727	698.8	8.6	707.3	24.5	202.0	217.9
1784975729	698.8	8.6	707.3	24.4	202.0	217.8
1784975731	698.8	8.6	707.3	24.4	202.0	217.8
1784975733	698.8	8.6	707.3	24.5	202.0	217.9
1784975735	698.8	8.6	707.3	24.6	202.0	218.0
1784975737	698.8	8.6	707.3	24.5	202.0	217.9
1784975739	698.8	8.6	707.3	24.6	202.0	218.0
1784975741	698.8	8.6	707.4	24.6	202.0	218.0
1784975743	698.8	8.6	707.4	24.5	202.0	217.9
1784975745	698.8	8.6	707.4	24.6	202.0	218.0
1784975747	698.8	8.6	707.3	24.5	202.0	217.9
1784975749	698.8	8.6	707.3	24.5	202.0	217.9
1784975751	698.8	8.6	707.3	24.5	202.0	217.9
1784975753	698.8	8.6	707.4	24.4	202.0	217.8
1784975755	698.8	8.6	707.3	24.3	202.0	217.7
1784975757	698.8	8.6	707.3	24.4	202.0	217.8
1784975759	698.8	8.6	707.4	24.4	202.0	217.8
1784975761	698.8	8.6	707.4	24.4	202.0	217.8
1784975763	698.8	8.6	707.4	24.4	202.0	217.8
1784975765	698.8	8.6	707.4	24.4	202.0	217.8
1784975767	698.8	8.6	707.4	24.3	202.0	217.7
1784975769	698.8	8.6	707.4	24.3	202.0	217.7
1784975771	698.8	8.6	707.4	24.2	202.0	217.6
1784975773	698.8	8.6	707.4	24.1	202.0	217.5
1784975775	698.8	8.6	707.4	24.2	202.0	217.6
1784975777	698.8	8.6	707.4	24.3	202.0	217.7
1784975779	698.8	8.6	707.3	24.4	202.0	217.8
1784975781	698.8	8.6	707.4	24.4	202.0	217.8
1784975783	698.8	8.6	707.4	24.3	202.0	217.7
1784975785	698.8	8.6	707.4	24.2	202.0	217.6
1784975787	698.8	8.6	707.4	24.2	202.0	217.6
1784975789	698.8	8.6	707.4	24.1	202.0	217.5
1784975791	698.8	8.6	707.4	24.0	202.0	217.5
1784975793	698.8	8.6	707.4	24.0	202.0	217.4
1784975795	698.8	8.6	707.4	23.9	202.0	217.3
1784975797	698.8	8.6	707.3	23.9	202.0	217.3
1784975799	698.8	8.6	707.4	23.8	202.0	217.2
1784975801	698.8	8.6	707.4	23.8	202.0	217.2
1784975803	698.8	8.6	707.4	23.8	202.0	217.2
1784975805	698.8	8.6	707.3	24.1	202.0	217.5
1784975807	698.8	8.6	707.4	24.0	202.0	217.4
1784975809	698.8	8.6	707.4	24.1	202.0	217.5
1784975811	698.8	8.6	707.4	24.2	202.0	217.6
1784975813	698.8	8.6	707.4	24.1	202.0	217.5
1784975815	698.8	8.6	707.4	24.1	202.0	217.5
1784975817	698.8	8.6	707.4	24.2	202.0	217.6
1784975819	698.8	8.6	707.4	24.1	202.0	217.5
1784975821	698.8	8.6	707.4	24.0	202.0	217.4
1784975823	698.8	8.6	707.4	24.0	202.0	217.4
1784975825	698.8	8.6	707.4	23.9	202.0	217.3
1784975827	698.8	8.6	707.4	24.0	202.0	217.4
1784975829	698.8	8.6	707.4	24.0	202.0	217.4
1784975831	698.8	8.6	707.3	24.0	202.0	217.4
1784975833	698.8	8.6	707.3	23.9	202.0	217.3
1784975835	698.8	8.6	707.4	23.9	202.0	217.3
1784975837	698.8	8.6	707.4	23.8	202.0	217.2
1784975839	698.8	8.6	707.3	23.8	202.0	217.3
1784975841	698.8	8.6	707.3	23.7	202.0	217.1
1784975843	698.8	8.6	707.4	23.6	202.0	217.0
1784975845	698.8	8.6	707.4	23.5	202.0	216.9
1784975847	698.8	8.6	707.3	23.4	202.0	216.8
1784975849	698.8	8.6	707.3	23.3	202.0	216.7
1784975851	698.8	8.6	707.3	23.3	202.0	216.7
1784975853	698.8	8.6	707.4	23.4	202.0	216.8
1784975855	698.8	8.6	707.4	23.7	202.0	217.1
1784975857	698.8	8.6	707.3	23.9	202.0	217.3
1784975859	698.8	8.6	707.3	23.9	202.0	217.3
1784975861	698.8	8.6	707.3	24.0	202.0	217.4
1784975863	698.8	8.6	707.4	24.0	202.0	217.4
1784975865	698.8	8.6	707.3	23.9	202.0	217.3
1784975867	698.8	8.6	707.3	24.1	202.0	217.5
1784975869	698.8	8.6	707.3	24.0	202.0	217.4
1784975871	698.8	8.6	707.4	24.0	202.0	217.4
1784975873	698.8	8.6	707.3	24.0	202.0	217.4
1784975875	698.8	8.6	707.3	24.0	202.0	217.4
1784975877	698.8	8.6	707.4	24.1	202.0	217.5
1784975879	698.8	8.6	707.3	24.0	202.0	217.4
1784975881	698.8	8.6	707.3	23.9	202.0	217.3
1784975883	698.8	8.6	707.3	23.9	202.0	217.3
1784975885	698.8	8.6	707.3	23.8	202.0	217.2
1784975887	698.8	8.6	707.4	23.8	202.0	217.2
1784975889	698.8	8.6	707.3	23.7	202.0	217.1
1784975891	698.7	8.6	707.3	23.7	202.0	217.1
1784975893	698.8	8.6	707.3	23.9	202.0	217.3
1784975895	698.8	8.6	707.4	23.9	202.0	217.3
1784975897	698.8	8.6	707.3	24.1	202.0	217.5
1784975899	698.8	8.6	707.3	24.0	202.0	217.4
1784975901	698.8	8.6	707.3	23.9	202.0	217.3
1784975903	698.8	8.6	707.3	23.9	202.0	217.4
1784975905	698.8	8.6	707.3	24.0	202.0	217.4
1784975907	698.8	8.6	707.3	23.9	202.0	217.4
1784975909	698.8	8.6	707.4	23.9	202.0	217.3
1784975911	698.8	8.6	707.4	23.8	202.0	217.2
1784975913	698.8	8.6	707.3	23.8	202.0	217.2
1784975915	698.8	8.6	707.4	23.8	202.0	217.2
1784975917	698.8	8.6	707.4	23.9	202.0	217.3
1784975919	698.8	8.6	707.3	23.8	202.0	217.2
1784975921	698.8	8.6	707.3	23.9	202.0	217.3
1784975923	698.8	8.6	707.4	23.9	202.0	217.3
1784975925	698.8	8.6	707.4	23.8	202.0	217.2
1784975927	698.8	8.6	707.4	23.8	202.0	217.2
1784975929	698.8	8.6	707.3	23.8	202.0	217.2
1784975931	698.8	8.6	707.4	23.7	202.0	217.1
1784975933	698.8	8.6	707.4	23.6	202.0	217.0
1784975935	698.8	8.6	707.4	23.7	202.0	217.2
1784975937	698.8	8.6	707.3	23.8	202.0	217.3
1784975939	698.8	8.6	707.3	23.9	202.0	217.3
1784975941	698.8	8.6	707.3	23.8	202.0	217.2
1784975943	698.8	8.6	707.4	23.9	202.0	217.3
1784975945	698.8	8.6	707.3	24.0	202.0	217.4
1784975947	698.7	8.6	707.3	24.0	202.0	217.4
1784975949	698.8	8.6	707.3	24.0	202.0	217.4
1784975951	698.8	8.6	707.4	24.0	202.0	217.4
1784975953	698.8	8.6	707.3	24.0	202.0	217.4
1784975955	698.8	8.6	707.3	24.0	202.0	217.4
1784975957	698.8	8.6	707.3	24.1	202.0	217.5
1784975959	698.8	8.6	707.4	24.0	202.0	217.4
1784975961	698.8	8.6	707.3	23.9	202.0	217.4
1784975963	698.8	8.6	707.3	24.0	202.0	217.4
1784975965	698.8	8.6	707.3	23.9	202.0	217.3
1784975967	698.8	8.6	707.4	23.9	202.0	217.3
1784975969	698.8	8.6	707.3	24.0	202.0	217.4
1784975971	698.8	8.6	707.4	24.0	202.0	217.4
1784975973	698.9	8.6	707.4	23.9	202.0	217.4
1784975975	698.8	8.6	707.4	23.8	202.0	217.2
1784975977	682.7	8.6	691.3	39.2	202.0	232.7
1784975979	682.8	8.6	691.4	39.0	202.0	232.5
1784975981	336.4	8.6	345.0	384.5	202.0	577.9
1784975983	3.2	1.9	5.1	724.6	195.3	918.0
1784975985	3.4	0.5	3.9	726.5	194.0	920.0
1784975987	3.5	0.5	4.1	726.1	194.0	919.6
1784975989	3.4	0.5	4.0	726.6	194.0	920.0
1784975991	3.5	0.5	4.1	726.5	194.0	920.0
1784975993	3.5	0.5	4.0	726.7	194.0	920.1
1784975995	3.2	0.5	3.8	726.7	194.0	920.1
