ts,iso,node0_gib,node1_gib,node2_gib,node10_gib,node18_gib,node26_gib,gpu0_mib,gpu1_mib,gpu2_mib,gpu3_mib
1783724353,2026-07-10T15:59:13-07:00,71.6,55.4,2.7,0.2,0.0,1.1,2751,194,0,1082
1783724368,2026-07-10T15:59:28-07:00,72.6,55.4,2.7,0.2,0.0,1.1,2751,194,0,1082
1783724383,2026-07-10T15:59:43-07:00,72.6,55.4,2.7,0.2,0.0,1.1,2751,194,0,1082
1783724398,2026-07-10T15:59:58-07:00,72.6,55.4,2.7,0.2,0.0,1.1,2751,194,0,1082
1783724413,2026-07-10T16:00:13-07:00,72.6,55.4,2.7,0.2,0.0,1.1,2751,194,0,1082
1783724428,2026-07-10T16:00:28-07:00,72.6,55.4,2.7,0.2,0.0,1.1,2751,194,0,1082
1783724443,2026-07-10T16:00:43-07:00,72.6,55.4,2.7,0.2,0.0,1.1,2751,194,0,1082
1783724458,2026-07-10T16:00:58-07:00,72.6,55.4,2.7,0.2,0.0,1.1,2751,194,0,1082
1783724473,2026-07-10T16:01:13-07:00,72.5,55.4,2.7,0.2,0.0,1.1,2751,194,8,1083
1783724488,2026-07-10T16:01:28-07:00,75.3,55.4,2.7,0.2,0.7,1.1,2751,194,697,1082
1783724503,2026-07-10T16:01:43-07:00,99.6,58.1,2.7,0.2,1.1,1.1,2751,194,1150,1082
1783724518,2026-07-10T16:01:58-07:00,126.8,58.5,2.7,0.2,1.5,1.1,2751,194,1511,1082
1783724533,2026-07-10T16:02:13-07:00,128.3,58.6,2.7,0.2,1.5,1.1,2751,194,1510,1082
1783724549,2026-07-10T16:02:29-07:00,128.9,58.6,2.7,0.2,1.5,1.1,2751,194,1509,1082
1783724564,2026-07-10T16:02:44-07:00,128.9,58.6,2.7,0.2,1.5,1.1,2751,194,1509,1082
1783724579,2026-07-10T16:02:59-07:00,128.9,58.6,2.7,0.2,1.5,1.1,2750,194,1509,1082
1783724594,2026-07-10T16:03:14-07:00,129.2,58.6,2.7,0.2,1.5,1.1,2750,194,1509,1082
1783724609,2026-07-10T16:03:29-07:00,133.9,58.7,2.7,0.2,1.5,1.1,2750,194,1509,1082
1783724624,2026-07-10T16:03:44-07:00,138.8,58.7,2.7,0.2,1.5,1.1,2750,194,1509,1082
1783724639,2026-07-10T16:03:59-07:00,143.7,58.9,2.7,0.2,1.5,1.1,2750,194,1509,1082
1783724654,2026-07-10T16:04:14-07:00,155.7,60.1,2.7,0.2,3.2,1.1,2750,194,3238,1082
1783724669,2026-07-10T16:04:29-07:00,183.5,62.6,2.7,0.2,146.7,1.1,2750,194,150172,1082
1783724684,2026-07-10T16:04:44-07:00,237.2,65.0,2.7,0.2,151.8,1.1,2750,194,155491,1082
1783724699,2026-07-10T16:04:59-07:00,285.1,65.3,2.7,0.2,157.0,1.1,2750,194,160811,1082
1783724714,2026-07-10T16:05:14-07:00,340.7,65.6,2.7,0.2,162.2,1.1,2750,194,166111,1082
1783724729,2026-07-10T16:05:29-07:00,388.8,65.7,2.7,0.2,162.2,1.1,2750,194,166111,1082
1783724744,2026-07-10T16:05:44-07:00,436.7,65.6,2.7,0.2,167.4,1.1,2750,194,171431,1082
1783724759,2026-07-10T16:05:59-07:00,467.1,91.0,2.7,0.2,172.6,1.1,2750,194,176731,1082
1783724774,2026-07-10T16:06:14-07:00,467.1,147.1,2.7,0.2,177.8,1.1,2750,194,182051,1082
1783724789,2026-07-10T16:06:29-07:00,467.1,195.9,2.7,0.2,183.0,1.1,2750,194,187371,1082
1783724804,2026-07-10T16:06:44-07:00,467.1,244.8,2.7,0.2,183.0,1.1,2750,194,187435,1082
1783724819,2026-07-10T16:06:59-07:00,467.1,369.8,2.7,0.2,183.0,1.1,2750,194,187443,1082
1783724835,2026-07-10T16:07:15-07:00,469.1,469.3,2.7,0.2,183.1,1.1,2784,194,187513,1177
1783724850,2026-07-10T16:07:30-07:00,457.4,467.1,2.8,0.2,183.1,1.1,2857,194,187513,1084
1783724865,2026-07-10T16:07:45-07:00,460.9,466.1,2.8,0.2,176.7,1.1,2912,194,180979,1084
1783724880,2026-07-10T16:08:00-07:00,465.7,465.4,2.9,0.2,136.3,1.1,2987,194,139585,1085
1783724895,2026-07-10T16:08:15-07:00,466.6,468.5,2.8,0.2,181.3,1.1,2901,194,188175,1084
1783724910,2026-07-10T16:08:30-07:00,465.4,464.6,2.8,0.2,167.7,1.1,2843,194,171761,1084
1783724925,2026-07-10T16:08:45-07:00,467.1,465.6,2.7,0.2,157.4,1.1,2798,194,163849,1084
1783724940,2026-07-10T16:09:00-07:00,467.1,468.0,2.7,0.2,177.1,1.1,2772,194,181317,1083
1783724955,2026-07-10T16:09:15-07:00,467.0,468.4,2.7,0.2,172.8,1.1,2758,194,176965,1083
1783724970,2026-07-10T16:09:30-07:00,467.1,468.2,2.7,0.2,136.5,1.1,2756,194,139773,1083
1783724985,2026-07-10T16:09:45-07:00,467.1,468.2,2.7,0.2,129.3,1.1,2755,194,134439,1083
1783725000,2026-07-10T16:10:00-07:00,467.1,468.4,2.7,0.2,177.4,1.1,2754,194,181649,1083
1783725015,2026-07-10T16:10:15-07:00,467.1,468.1,2.7,0.2,147.0,1.1,2752,194,151655,1083
1783725030,2026-07-10T16:10:30-07:00,23.1,19.2,2.7,0.2,0.0,1.1,2752,194,3,1083
1783725045,2026-07-10T16:10:45-07:00,23.2,19.2,2.7,0.2,0.0,1.1,2751,194,2,1083
1783725060,2026-07-10T16:11:00-07:00,23.2,19.2,2.7,0.2,0.0,1.1,2751,194,1,1082
1783725075,2026-07-10T16:11:15-07:00,23.2,19.2,2.7,0.2,0.0,1.1,2751,194,0,1082
1783725091,2026-07-10T16:11:31-07:00,23.2,19.2,2.7,0.2,0.0,1.1,2751,194,0,1082
1783725106,2026-07-10T16:11:46-07:00,23.2,19.2,2.7,0.2,0.0,1.1,2751,194,0,1082
1783725121,2026-07-10T16:12:01-07:00,23.2,19.2,2.7,0.2,0.0,1.1,2751,194,0,1082
1783725136,2026-07-10T16:12:16-07:00,23.3,19.2,2.7,0.2,0.0,1.1,2751,194,0,1082
1783725151,2026-07-10T16:12:31-07:00,23.3,19.2,2.7,0.2,0.0,1.1,2751,194,0,1082
1783725166,2026-07-10T16:12:46-07:00,23.3,19.2,2.7,0.2,0.0,1.1,2751,194,0,1082
1783725181,2026-07-10T16:13:01-07:00,23.3,19.1,2.7,0.2,0.0,1.1,2751,194,0,1082
1783725196,2026-07-10T16:13:16-07:00,23.3,19.1,2.7,0.2,0.0,1.1,2751,194,0,1082
1783725211,2026-07-10T16:13:31-07:00,23.2,19.1,2.7,0.2,0.0,1.1,2751,194,0,1082
1783725226,2026-07-10T16:13:46-07:00,23.3,19.1,2.7,0.2,0.0,1.1,2751,194,0,1082
1783725241,2026-07-10T16:14:01-07:00,23.3,19.2,2.7,0.2,0.0,1.1,2751,194,0,1082
1783725256,2026-07-10T16:14:16-07:00,23.4,19.2,2.7,0.2,0.0,1.1,2751,194,0,1082
1783725271,2026-07-10T16:14:31-07:00,23.3,19.2,2.7,0.2,0.0,1.1,2751,194,0,1082
1783725286,2026-07-10T16:14:46-07:00,23.3,19.1,2.7,0.2,0.0,1.1,2751,194,0,1082
1783725301,2026-07-10T16:15:01-07:00,23.4,19.1,2.7,0.2,0.0,1.1,2750,194,0,1082
1783725316,2026-07-10T16:15:16-07:00,24.7,19.1,2.7,0.2,0.0,1.1,2750,194,0,1082
1783725331,2026-07-10T16:15:31-07:00,24.7,19.1,2.7,0.2,0.0,1.1,2750,194,0,1082
1783725346,2026-07-10T16:15:46-07:00,24.8,19.1,2.7,0.2,0.0,1.1,2750,194,0,1082
1783725361,2026-07-10T16:16:01-07:00,24.8,19.1,2.7,0.2,0.0,1.1,2750,194,0,1082
1783725376,2026-07-10T16:16:17-07:00,24.9,19.1,2.7,0.2,0.0,1.1,2750,194,0,1082
1783725392,2026-07-10T16:16:32-07:00,24.9,19.1,2.7,0.2,0.0,1.1,2750,194,0,1082
1783725407,2026-07-10T16:16:47-07:00,24.9,19.1,2.7,0.2,0.0,1.1,2750,194,0,1082
1783725422,2026-07-10T16:17:02-07:00,25.0,19.1,2.7,0.2,0.0,1.1,2750,194,0,1082
1783725437,2026-07-10T16:17:17-07:00,25.0,19.1,2.7,0.2,0.0,1.1,2750,194,0,1082
1783725452,2026-07-10T16:17:32-07:00,24.9,19.1,2.7,0.2,0.0,1.1,2750,194,0,1082
1783725467,2026-07-10T16:17:47-07:00,24.9,19.1,2.7,0.2,0.0,1.1,2750,194,0,1082
1783725482,2026-07-10T16:18:02-07:00,24.9,19.1,2.7,0.2,0.0,1.1,2750,194,0,1082
1783725497,2026-07-10T16:18:17-07:00,24.9,19.1,2.7,0.2,0.0,1.1,2750,194,0,1082
1783725512,2026-07-10T16:18:32-07:00,24.9,19.1,2.7,0.2,0.0,1.1,2750,194,0,1082
1783725527,2026-07-10T16:18:47-07:00,25.9,19.1,2.7,0.2,0.7,1.1,2751,194,693,1082
1783725542,2026-07-10T16:19:02-07:00,29.3,19.0,2.7,0.2,0.7,1.1,2750,194,693,1082
1783725557,2026-07-10T16:19:17-07:00,31.2,19.0,2.7,0.2,0.7,1.1,2750,194,693,1082
1783725572,2026-07-10T16:19:32-07:00,84.0,47.3,2.7,0.2,0.7,1.1,2750,194,693,1082
1783725587,2026-07-10T16:19:47-07:00,121.4,47.7,2.7,0.2,0.7,1.1,2750,194,693,1082
1783725602,2026-07-10T16:20:02-07:00,144.7,36.8,2.7,0.2,0.7,1.1,2750,194,693,1082
1783725617,2026-07-10T16:20:17-07:00,146.5,36.7,2.7,0.2,0.7,1.1,2750,194,693,1082
1783725632,2026-07-10T16:20:32-07:00,147.2,36.6,2.7,0.2,0.7,1.1,2750,194,693,1082
1783725647,2026-07-10T16:20:47-07:00,147.2,36.6,2.7,0.2,0.7,1.1,2750,194,693,1082
1783725663,2026-07-10T16:21:03-07:00,147.1,36.5,2.7,0.2,0.7,1.1,2750,194,693,1082
1783725678,2026-07-10T16:21:18-07:00,147.3,36.7,2.7,0.2,0.7,1.1,2750,194,693,1082
1783725693,2026-07-10T16:21:33-07:00,148.0,36.8,2.7,0.2,0.7,1.1,2750,194,693,1082
1783725708,2026-07-10T16:21:48-07:00,149.9,37.3,2.7,0.2,0.7,1.1,2750,194,693,1082
1783725723,2026-07-10T16:22:03-07:00,208.3,46.7,2.7,0.2,85.3,1.1,2750,194,87343,1082
1783725738,2026-07-10T16:22:18-07:00,231.0,46.9,2.7,0.2,181.9,1.1,2750,194,186251,1082
1783725753,2026-07-10T16:22:33-07:00,259.8,46.9,2.7,0.2,181.0,1.1,2750,194,185349,1082
1783725768,2026-07-10T16:22:48-07:00,302.7,47.8,2.7,0.2,181.0,1.1,2750,194,185349,1082
1783725783,2026-07-10T16:23:03-07:00,347.4,47.8,2.7,0.2,181.0,1.1,2750,194,185349,1082
1783725798,2026-07-10T16:23:18-07:00,383.4,48.7,2.7,0.2,181.0,1.1,2750,194,185349,1082
1783725813,2026-07-10T16:23:33-07:00,427.6,48.7,2.7,0.2,181.0,1.1,2750,194,185349,1082
1783725828,2026-07-10T16:23:48-07:00,464.4,48.7,2.7,0.2,181.0,1.1,2750,194,185349,1082
1783725843,2026-07-10T16:24:03-07:00,467.1,83.0,2.7,0.2,181.0,1.1,2750,194,185349,1082
1783725858,2026-07-10T16:24:18-07:00,467.1,119.4,2.7,0.2,181.0,1.1,2750,194,185349,1082
1783725873,2026-07-10T16:24:33-07:00,467.1,154.6,2.7,0.2,181.0,1.1,2750,194,185349,1082
1783725888,2026-07-10T16:24:48-07:00,467.1,191.2,2.7,0.2,181.1,1.1,2750,194,185429,1082
1783725903,2026-07-10T16:25:03-07:00,467.1,219.8,2.7,0.2,181.1,1.1,2750,194,185431,1082
1783725918,2026-07-10T16:25:18-07:00,467.1,339.2,2.7,0.2,181.1,1.1,2750,194,185495,1082
1783725934,2026-07-10T16:25:34-07:00,467.1,455.5,2.7,0.2,181.2,1.1,2750,194,185503,1082
1783725949,2026-07-10T16:25:49-07:00,467.1,466.9,2.7,0.2,167.9,1.1,2750,194,171893,1082
1783725964,2026-07-10T16:26:04-07:00,469.1,470.7,2.8,0.2,159.5,1.1,2919,194,163353,1119
1783726515,2026-07-10T16:35:15-07:00,54.7,25.8,2.7,0.2,0.0,1.1,2804,194,0,1086
1783726530,2026-07-10T16:35:30-07:00,55.8,25.8,2.7,0.2,0.0,1.1,2796,194,0,1086
1783726545,2026-07-10T16:35:45-07:00,55.9,25.8,2.7,0.2,0.0,1.1,2794,194,0,1086
1783726560,2026-07-10T16:36:00-07:00,55.9,25.8,2.7,0.2,0.0,1.1,2791,194,0,1086
1783726575,2026-07-10T16:36:15-07:00,55.9,25.8,2.7,0.2,0.0,1.1,2788,194,0,1086
1783726590,2026-07-10T16:36:30-07:00,56.0,25.8,2.7,0.2,0.0,1.1,2787,194,0,1086
1783726605,2026-07-10T16:36:45-07:00,56.0,25.8,2.7,0.2,0.0,1.1,2785,194,0,1086
1783726620,2026-07-10T16:37:00-07:00,56.0,25.9,2.7,0.2,0.0,1.1,2783,194,0,1086
1783726635,2026-07-10T16:37:15-07:00,56.0,25.9,2.7,0.2,0.0,1.1,2782,194,0,1086
1783726650,2026-07-10T16:37:30-07:00,56.1,25.9,2.7,0.2,0.0,1.1,2781,194,0,1086
1783726665,2026-07-10T16:37:45-07:00,56.1,25.9,2.7,0.2,0.0,1.1,2780,194,0,1086
1783726680,2026-07-10T16:38:00-07:00,56.2,25.9,2.7,0.2,0.0,1.1,2778,194,0,1086
1783726695,2026-07-10T16:38:15-07:00,56.2,25.9,2.7,0.2,0.0,1.1,2777,194,0,1086
1783726710,2026-07-10T16:38:30-07:00,56.2,25.9,2.7,0.2,0.0,1.1,2776,194,0,1086
1783726726,2026-07-10T16:38:46-07:00,56.2,25.9,2.7,0.2,0.0,1.1,2775,194,0,1086
1783726741,2026-07-10T16:39:01-07:00,56.3,25.9,2.7,0.2,0.0,1.1,2764,194,1,1085
1783726756,2026-07-10T16:39:16-07:00,60.2,25.8,2.7,0.2,0.7,1.1,2755,194,693,1085
1783726771,2026-07-10T16:39:31-07:00,62.2,25.8,2.7,0.2,0.7,1.1,2752,194,693,1085
1783726786,2026-07-10T16:39:46-07:00,84.0,44.9,2.7,0.2,0.7,1.1,2751,194,693,1085
1783726801,2026-07-10T16:40:01-07:00,112.3,44.0,2.7,0.2,0.7,1.1,2751,194,693,1084
1783726816,2026-07-10T16:40:16-07:00,139.2,32.2,2.7,0.2,0.7,1.1,2751,194,693,1083
1783726831,2026-07-10T16:40:31-07:00,139.1,35.3,2.7,0.2,0.7,1.1,2751,194,693,1082
1783726846,2026-07-10T16:40:46-07:00,139.1,36.7,2.7,0.2,0.7,1.1,2751,194,693,1082
1783726861,2026-07-10T16:41:01-07:00,139.0,36.8,2.7,0.2,0.7,1.1,2751,194,693,1082
1783726876,2026-07-10T16:41:16-07:00,139.0,36.8,2.7,0.2,0.7,1.1,2751,194,693,1082
1783726891,2026-07-10T16:41:31-07:00,139.1,36.6,2.7,0.2,0.7,1.1,2751,194,693,1082
1783726906,2026-07-10T16:41:46-07:00,140.6,36.4,2.7,0.2,0.7,1.1,2751,194,693,1082
1783726921,2026-07-10T16:42:01-07:00,142.2,36.3,2.7,0.2,0.7,1.1,2751,194,693,1082
1783726936,2026-07-10T16:42:16-07:00,190.5,38.1,2.7,0.2,13.3,1.1,2751,194,13579,1082
1783726951,2026-07-10T16:42:31-07:00,216.2,47.3,2.7,0.2,181.9,1.1,2751,194,186251,1082
1783726966,2026-07-10T16:42:46-07:00,253.4,47.3,2.7,0.2,181.0,1.1,2751,194,185349,1082
1783726981,2026-07-10T16:43:01-07:00,296.3,47.8,2.7,0.2,181.0,1.1,2751,194,185349,1082
1783726996,2026-07-10T16:43:16-07:00,334.0,47.8,2.7,0.2,181.0,1.1,2751,194,185349,1082
1783727012,2026-07-10T16:43:32-07:00,379.3,47.8,2.7,0.2,181.0,1.1,2751,194,185349,1082
1783727027,2026-07-10T16:43:47-07:00,408.2,55.8,2.7,0.2,181.0,1.1,2751,194,185349,1082
1783727042,2026-07-10T16:44:02-07:00,451.3,56.8,2.7,0.2,181.0,1.1,2751,194,185349,1082
1783727057,2026-07-10T16:44:17-07:00,466.6,78.8,2.7,0.2,181.0,1.1,2751,194,185349,1082
1783727072,2026-07-10T16:44:32-07:00,466.6,116.7,2.7,0.2,181.0,1.1,2751,194,185349,1082
1783727087,2026-07-10T16:44:47-07:00,466.6,154.2,2.7,0.2,181.0,1.1,2751,194,185349,1082
1783727102,2026-07-10T16:45:02-07:00,466.6,190.5,2.7,0.2,181.0,1.1,2751,194,185349,1082
1783727117,2026-07-10T16:45:17-07:00,466.6,236.8,2.7,0.2,181.0,1.1,2751,194,185351,1082
1783727132,2026-07-10T16:45:32-07:00,466.6,374.5,2.7,0.2,181.1,1.1,2751,194,185423,1082
1783727147,2026-07-10T16:45:47-07:00,464.6,465.7,2.7,0.2,152.1,1.1,2797,194,155753,1082
1783727162,2026-07-10T16:46:02-07:00,469.1,469.3,2.8,0.2,159.5,1.1,2930,194,163353,1211
1783727177,2026-07-10T16:46:17-07:00,465.9,467.3,2.9,0.2,138.7,1.1,2920,194,133575,1173
1783727192,2026-07-10T16:46:32-07:00,465.1,466.9,2.9,0.2,175.8,1.1,2966,194,180057,1151
1783727207,2026-07-10T16:46:47-07:00,467.1,468.7,2.8,0.2,171.1,1.1,2903,194,175379,1143
1783727222,2026-07-10T16:47:02-07:00,466.5,466.7,2.8,0.2,168.3,1.1,2850,194,172379,1139
1783727237,2026-07-10T16:47:17-07:00,466.9,466.6,2.7,0.2,123.2,1.1,2806,194,128701,1136
1783727252,2026-07-10T16:47:32-07:00,467.1,468.7,2.7,0.2,137.3,1.1,2774,194,142923,1133
1783727267,2026-07-10T16:47:47-07:00,466.0,468.4,2.7,0.2,165.6,1.1,2757,194,169583,1130
1783727283,2026-07-10T16:48:03-07:00,466.4,468.3,2.7,0.2,182.2,1.1,2754,194,186565,1126
1783727298,2026-07-10T16:48:18-07:00,466.5,468.2,2.7,0.2,171.7,1.1,2753,194,176007,1122
1783727313,2026-07-10T16:48:33-07:00,466.5,468.2,2.7,0.2,161.5,1.1,2753,194,165349,1122
1783727328,2026-07-10T16:48:48-07:00,466.5,468.1,2.7,0.2,172.1,1.1,2753,194,176209,1121
1783727343,2026-07-10T16:49:03-07:00,466.8,468.0,2.7,0.2,172.1,1.1,2753,194,176271,1121
1783727358,2026-07-10T16:49:18-07:00,466.6,468.0,2.7,0.2,171.6,1.1,2753,194,175713,1120
1783727373,2026-07-10T16:49:33-07:00,466.6,467.9,2.7,0.2,169.1,1.1,2753,194,173153,1118
1783727388,2026-07-10T16:49:48-07:00,466.9,467.9,2.7,0.2,172.4,1.1,2752,194,176577,1118
1783727403,2026-07-10T16:50:03-07:00,466.5,467.8,2.7,0.2,139.8,1.1,2752,194,145277,1114
1783727418,2026-07-10T16:50:18-07:00,466.6,467.8,2.7,0.2,169.9,1.1,2752,194,173939,1113
1783727433,2026-07-10T16:50:33-07:00,466.4,467.7,2.7,0.2,120.1,1.1,2752,194,115479,1111
1783727448,2026-07-10T16:50:48-07:00,466.9,467.8,2.7,0.2,183.5,1.1,2752,194,187881,1110
1783727463,2026-07-10T16:51:03-07:00,466.7,467.7,2.7,0.2,173.1,1.1,2752,194,177303,1109
1783727478,2026-07-10T16:51:18-07:00,466.6,467.7,2.7,0.2,141.6,1.1,2752,194,147043,1108
1783727493,2026-07-10T16:51:33-07:00,466.5,467.6,2.7,0.2,150.5,1.1,2752,194,156025,1108
1783727508,2026-07-10T16:51:48-07:00,466.6,467.6,2.7,0.2,170.1,1.1,2752,194,174227,1108
1783727524,2026-07-10T16:52:04-07:00,466.5,467.5,2.7,0.2,162.1,1.1,2752,194,166007,1105
1783727539,2026-07-10T16:52:19-07:00,466.6,467.5,2.7,0.2,170.4,1.1,2752,194,174449,1105
1783727554,2026-07-10T16:52:34-07:00,466.7,467.4,2.7,0.2,173.9,1.1,2752,194,178051,1105
1783727569,2026-07-10T16:52:49-07:00,466.6,467.4,2.7,0.2,149.5,1.1,2752,194,155253,1105
1783727584,2026-07-10T16:53:04-07:00,466.6,467.3,2.7,0.2,173.2,1.1,2752,194,177335,1103
1783727599,2026-07-10T16:53:19-07:00,466.8,467.3,2.7,0.2,173.8,1.1,2752,194,177975,1103
1783727614,2026-07-10T16:53:34-07:00,466.9,467.3,2.7,0.2,178.7,1.1,2752,194,185297,1103
1783727629,2026-07-10T16:53:49-07:00,466.9,468.5,2.7,0.2,98.0,1.1,2752,194,103239,1103
1783727644,2026-07-10T16:54:04-07:00,465.1,468.9,2.7,0.2,173.6,1.1,2752,194,177799,1101
1783727659,2026-07-10T16:54:19-07:00,465.4,468.8,2.7,0.2,183.2,1.1,2752,194,187641,1100
1783727674,2026-07-10T16:54:34-07:00,465.4,468.7,2.7,0.2,131.5,1.1,2752,194,137083,1100
1783727689,2026-07-10T16:54:49-07:00,465.2,468.7,2.7,0.2,173.9,1.1,2752,194,178105,1100
1783727704,2026-07-10T16:55:04-07:00,465.3,468.6,2.7,0.2,174.8,1.1,2752,194,178985,1100
1783727719,2026-07-10T16:55:19-07:00,465.2,468.5,2.7,0.2,175.2,1.1,2752,194,179387,1100
1783727734,2026-07-10T16:55:34-07:00,465.8,468.5,2.7,0.2,175.0,1.1,2752,194,179191,1100
1783727749,2026-07-10T16:55:49-07:00,466.0,468.4,2.7,0.2,174.5,1.1,2752,194,180691,1100
1783727764,2026-07-10T16:56:04-07:00,466.0,468.4,2.7,0.2,172.2,1.1,2752,194,176373,1098
1783727780,2026-07-10T16:56:20-07:00,465.7,468.3,2.7,0.2,172.4,1.1,2752,194,176495,1097
1783727795,2026-07-10T16:56:35-07:00,465.8,468.3,2.7,0.2,175.6,1.1,2752,194,179777,1096
1783727810,2026-07-10T16:56:50-07:00,465.8,468.2,2.7,0.2,164.4,1.1,2752,194,168297,1096
1783727825,2026-07-10T16:57:05-07:00,465.8,468.2,2.7,0.2,175.8,1.1,2752,194,179999,1096
1783727840,2026-07-10T16:57:20-07:00,465.7,468.1,2.7,0.2,175.9,1.1,2752,194,180161,1096
1783727855,2026-07-10T16:57:35-07:00,465.9,468.0,2.7,0.2,183.8,1.1,2752,194,176861,1096
1783727870,2026-07-10T16:57:50-07:00,466.0,468.0,2.7,0.2,173.0,1.1,2752,194,177203,1096
1783727885,2026-07-10T16:58:05-07:00,466.0,467.9,2.7,0.2,176.2,1.1,2752,194,180465,1095
1783727900,2026-07-10T16:58:20-07:00,465.8,467.9,2.7,0.2,142.3,1.1,2752,194,147867,1095
1783727915,2026-07-10T16:58:35-07:00,465.8,467.8,2.7,0.2,115.4,1.1,2752,194,120727,1095
1783727930,2026-07-10T16:58:50-07:00,465.9,467.8,2.7,0.2,176.6,1.1,2752,194,180809,1095
1783727945,2026-07-10T16:59:05-07:00,465.8,467.7,2.7,0.2,176.7,1.1,2752,194,180971,1094
1783727960,2026-07-10T16:59:20-07:00,465.9,467.7,2.7,0.2,182.3,1.1,2752,194,186693,1094
1783727975,2026-07-10T16:59:35-07:00,465.9,467.6,2.7,0.2,176.3,1.1,2752,194,180555,1094
1783727990,2026-07-10T16:59:50-07:00,465.8,467.6,2.7,0.2,182.7,1.1,2752,194,187095,1094
1783728005,2026-07-10T17:00:05-07:00,465.7,467.5,2.7,0.2,174.1,1.1,2752,194,178317,1093
1783728020,2026-07-10T17:00:20-07:00,465.6,467.5,2.7,0.2,108.4,1.1,2752,194,103639,1093
1783728036,2026-07-10T17:00:36-07:00,466.0,467.4,2.7,0.2,174.4,1.1,2752,194,178579,1092
1783728051,2026-07-10T17:00:51-07:00,465.9,467.4,2.7,0.2,177.5,1.1,2752,194,181741,1092
1783728066,2026-07-10T17:01:06-07:00,466.1,467.3,2.7,0.2,177.7,1.1,2752,194,181965,1092
1783728081,2026-07-10T17:01:21-07:00,465.6,467.3,2.7,0.2,97.3,1.1,2752,194,102405,1092
1783728096,2026-07-10T17:01:36-07:00,465.7,467.3,2.7,0.2,139.1,1.1,2752,194,144707,1092
1783728111,2026-07-10T17:01:51-07:00,465.8,467.2,2.7,0.2,177.9,1.1,2752,194,182129,1091
1783728126,2026-07-10T17:02:06-07:00,465.7,467.2,2.7,0.2,178.2,1.1,2752,194,182451,1090
1783728141,2026-07-10T17:02:21-07:00,465.5,467.1,2.7,0.2,120.2,1.1,2752,194,123091,1090
1783728156,2026-07-10T17:02:36-07:00,466.0,467.1,2.7,0.2,177.6,1.1,2752,194,181893,1090
1783728171,2026-07-10T17:02:51-07:00,465.2,470.8,2.7,0.2,144.9,1.1,2815,194,148375,1101
1783728186,2026-07-10T17:03:06-07:00,465.8,470.8,2.7,0.2,176.4,1.1,2778,194,180615,1098
1783728201,2026-07-10T17:03:21-07:00,465.8,470.7,2.7,0.2,176.4,1.1,2764,194,180615,1096
1783728216,2026-07-10T17:03:36-07:00,453.7,464.0,2.7,0.2,176.4,1.1,2758,194,180615,1092
1783728231,2026-07-10T17:03:51-07:00,32.1,11.2,2.7,0.2,0.0,1.1,2757,194,3,1091
1783728246,2026-07-10T17:04:06-07:00,32.0,11.2,2.7,0.2,0.0,1.1,2756,194,2,1089
1783728261,2026-07-10T17:04:21-07:00,32.0,11.2,2.7,0.2,0.0,1.1,2755,194,2,1089
1783728276,2026-07-10T17:04:36-07:00,32.0,11.2,2.7,0.2,0.0,1.1,2754,194,2,1088
1783728291,2026-07-10T17:04:51-07:00,31.9,11.2,2.7,0.2,0.0,1.1,2754,194,2,1088
1783728306,2026-07-10T17:05:06-07:00,31.9,11.2,2.7,0.2,0.0,1.1,2754,194,2,1088
1783728322,2026-07-10T17:05:22-07:00,31.9,11.2,2.7,0.2,0.0,1.1,2753,194,2,1088
1783728337,2026-07-10T17:05:37-07:00,31.9,11.1,2.7,0.2,0.0,1.1,2753,194,2,1088
1783728352,2026-07-10T17:05:52-07:00,31.9,11.1,2.7,0.2,0.0,1.1,2753,194,2,1088
1783728367,2026-07-10T17:06:07-07:00,32.0,11.2,2.7,0.2,0.0,1.1,2753,194,2,1087
1783728382,2026-07-10T17:06:22-07:00,32.0,11.1,2.7,0.2,0.0,1.1,2753,194,2,1087
1783728397,2026-07-10T17:06:37-07:00,32.0,11.1,2.7,0.2,0.0,1.1,2753,194,2,1087
1783728412,2026-07-10T17:06:52-07:00,31.9,11.1,2.7,0.2,0.0,1.1,2753,194,2,1087
1783728427,2026-07-10T17:07:07-07:00,31.9,11.1,2.7,0.2,0.0,1.1,2753,194,2,1087
1783728442,2026-07-10T17:07:22-07:00,31.9,11.1,2.7,0.2,0.0,1.1,2753,194,2,1087
1783728457,2026-07-10T17:07:37-07:00,32.6,11.1,2.7,0.2,0.0,1.1,2752,194,2,1086
1783728472,2026-07-10T17:07:52-07:00,33.5,11.1,2.7,0.2,0.0,1.1,2752,194,1,1086
1783728487,2026-07-10T17:08:07-07:00,33.6,11.1,2.7,0.2,0.0,1.1,2752,194,1,1086
1783728502,2026-07-10T17:08:22-07:00,33.6,11.1,2.7,0.2,0.0,1.1,2752,194,1,1086
1783728517,2026-07-10T17:08:37-07:00,33.7,11.1,2.7,0.2,0.0,1.1,2752,194,1,1086
1783728532,2026-07-10T17:08:52-07:00,33.7,11.1,2.7,0.2,0.0,1.1,2752,194,1,1086
1783728547,2026-07-10T17:09:07-07:00,33.8,11.1,2.7,0.2,0.0,1.1,2752,194,1,1086
1783728562,2026-07-10T17:09:22-07:00,33.8,11.1,2.7,0.2,0.0,1.1,2752,194,1,1086
1783728577,2026-07-10T17:09:37-07:00,33.9,11.1,2.7,0.2,0.0,1.1,2752,194,1,1086
1783728592,2026-07-10T17:09:52-07:00,33.9,11.1,2.7,0.2,0.0,1.1,2752,194,1,1086
1783728608,2026-07-10T17:10:08-07:00,33.9,11.1,2.7,0.2,0.0,1.1,2752,194,1,1085
1783728623,2026-07-10T17:10:23-07:00,33.8,11.1,2.7,0.2,0.0,1.1,2752,194,1,1085
1783728638,2026-07-10T17:10:38-07:00,34.0,11.1,2.7,0.2,0.0,1.1,2752,194,5,1085
1783728653,2026-07-10T17:10:53-07:00,35.3,14.2,2.7,0.2,1.3,1.1,2752,194,1345,1083
1783728668,2026-07-10T17:11:08-07:00,35.4,13.5,2.7,0.2,1.3,1.1,2752,194,1345,1083
1783728683,2026-07-10T17:11:23-07:00,34.8,162.1,2.7,0.2,2.4,1.1,2752,194,2507,1083
1783728698,2026-07-10T17:11:38-07:00,34.9,151.6,2.7,0.2,14.3,1.1,2752,194,14679,1083
1783728713,2026-07-10T17:11:53-07:00,34.8,223.1,2.7,0.2,151.2,1.1,2752,194,154825,1083
1783728728,2026-07-10T17:12:08-07:00,34.9,271.1,2.7,0.2,151.2,1.1,2752,194,154825,1083
1783728743,2026-07-10T17:12:23-07:00,35.1,323.0,2.7,0.2,151.2,1.1,2752,194,154825,1083
1783728758,2026-07-10T17:12:38-07:00,35.3,371.0,2.7,0.2,151.2,1.1,2752,194,154825,1083
1783728773,2026-07-10T17:12:53-07:00,72.2,469.0,2.7,0.2,151.3,1.1,2752,194,154899,1083
1783728788,2026-07-10T17:13:08-07:00,204.4,469.0,2.7,0.2,151.3,1.1,2752,194,154899,1083
1783728803,2026-07-10T17:13:23-07:00,214.8,468.9,2.7,0.2,155.3,1.1,2752,194,158983,1083
1783728818,2026-07-10T17:13:38-07:00,214.8,468.9,2.7,0.2,155.3,1.1,2752,194,158983,1083
1783728833,2026-07-10T17:13:53-07:00,214.6,468.8,2.7,0.2,155.3,1.1,2752,194,158983,1083
1783728848,2026-07-10T17:14:08-07:00,214.7,468.7,2.7,0.2,155.3,1.1,2752,194,158983,1083
1783728863,2026-07-10T17:14:23-07:00,214.9,468.7,2.7,0.2,155.3,1.1,2752,194,158983,1083
1783728878,2026-07-10T17:14:38-07:00,215.2,468.6,2.7,0.2,155.3,1.1,2752,194,158983,1083
1783728893,2026-07-10T17:14:53-07:00,215.0,468.6,2.7,0.2,155.3,1.1,2752,194,158983,1083
1783728909,2026-07-10T17:15:09-07:00,214.8,468.6,2.7,0.2,155.3,1.1,2752,194,158983,1083
1783728924,2026-07-10T17:15:24-07:00,215.0,468.5,2.7,0.2,155.3,1.1,2752,194,158983,1083
1783728939,2026-07-10T17:15:39-07:00,215.0,468.5,2.7,0.2,155.3,1.1,2752,194,158983,1083
1783728954,2026-07-10T17:15:54-07:00,215.2,468.4,2.7,0.2,155.3,1.1,2752,194,158983,1083
1783728969,2026-07-10T17:16:09-07:00,215.7,468.4,2.7,0.2,155.3,1.1,2752,194,158983,1083
1783728984,2026-07-10T17:16:24-07:00,215.3,468.4,2.7,0.2,155.3,1.1,2752,194,158983,1083
1783728999,2026-07-10T17:16:39-07:00,215.4,468.4,2.7,0.2,155.3,1.1,2752,194,158983,1083
1783729014,2026-07-10T17:16:54-07:00,215.2,468.3,2.7,0.2,155.3,1.1,2752,194,158983,1083
1783729029,2026-07-10T17:17:09-07:00,215.2,468.3,2.7,0.2,155.3,1.1,2752,194,158983,1083
1783729044,2026-07-10T17:17:24-07:00,215.6,468.3,2.7,0.2,155.3,1.1,2752,194,158983,1083
1783729059,2026-07-10T17:17:39-07:00,215.8,468.3,2.7,0.2,155.3,1.1,2752,194,158983,1083
1783729074,2026-07-10T17:17:54-07:00,215.8,468.2,2.7,0.2,155.3,1.1,2752,194,158983,1083
1783729089,2026-07-10T17:18:09-07:00,215.6,468.2,2.7,0.2,155.3,1.1,2752,194,158983,1083
1783729104,2026-07-10T17:18:24-07:00,215.6,468.1,2.7,0.2,155.3,1.1,2752,194,158983,1083
1783729119,2026-07-10T17:18:39-07:00,215.3,468.1,2.7,0.2,155.3,1.1,2752,194,158983,1083
1783729134,2026-07-10T17:18:54-07:00,215.2,468.1,2.7,0.2,155.3,1.1,2752,194,158983,1083
1783729149,2026-07-10T17:19:09-07:00,215.2,468.1,2.7,0.2,155.3,1.1,2752,194,158983,1083
1783729164,2026-07-10T17:19:24-07:00,215.2,468.0,2.7,0.2,155.3,1.1,2752,194,158983,1083
1783729179,2026-07-10T17:19:39-07:00,215.3,468.0,2.7,0.2,155.3,1.1,2752,194,158983,1083
1783729195,2026-07-10T17:19:55-07:00,215.2,468.0,2.7,0.2,155.3,1.1,2752,194,158983,1083
1783729210,2026-07-10T17:20:10-07:00,215.2,468.0,2.7,0.2,155.3,1.1,2752,194,158983,1083
1783729225,2026-07-10T17:20:25-07:00,215.3,468.0,2.7,0.2,155.3,1.1,2752,194,158983,1083
1783729240,2026-07-10T17:20:40-07:00,215.0,467.9,2.7,0.2,155.3,1.1,2752,194,158983,1083
1783729255,2026-07-10T17:20:55-07:00,263.9,469.1,2.7,0.2,155.3,1.1,2752,194,158983,1083
1783729270,2026-07-10T17:21:10-07:00,263.8,469.1,2.7,0.2,155.3,1.1,2752,194,158983,1083
1783729285,2026-07-10T17:21:25-07:00,263.9,469.0,2.7,0.2,155.3,1.1,2752,194,158983,1083
1783729300,2026-07-10T17:21:40-07:00,263.5,469.0,2.7,0.2,155.3,1.1,2752,194,158983,1083
1783729315,2026-07-10T17:21:55-07:00,263.6,469.0,2.7,0.2,155.9,1.1,2752,194,159683,1083
1783729330,2026-07-10T17:22:10-07:00,263.6,469.0,2.7,0.2,155.9,1.1,2752,194,159683,1083
1783729345,2026-07-10T17:22:25-07:00,263.7,469.0,2.7,0.2,155.9,1.1,2752,194,159683,1083
1783729360,2026-07-10T17:22:40-07:00,61.9,55.1,2.7,0.2,155.3,1.1,2752,194,158992,1083
1783729375,2026-07-10T17:22:55-07:00,34.1,54.2,2.7,0.2,0.0,1.1,2752,194,4,1083
1783729390,2026-07-10T17:23:10-07:00,34.0,54.2,2.7,0.2,0.0,1.1,2752,194,4,1083
1783729405,2026-07-10T17:23:25-07:00,34.0,54.2,2.7,0.2,0.0,1.1,2752,194,4,1083
1783729420,2026-07-10T17:23:40-07:00,34.0,54.2,2.7,0.2,0.0,1.1,2752,194,4,1083
1783729435,2026-07-10T17:23:55-07:00,34.0,54.2,2.7,0.2,0.0,1.1,2752,194,4,1083
1783729450,2026-07-10T17:24:10-07:00,34.0,54.2,2.7,0.2,0.0,1.1,2752,194,4,1083
1783729465,2026-07-10T17:24:25-07:00,34.0,54.2,2.7,0.2,0.0,1.1,2752,194,4,1083
1783729481,2026-07-10T17:24:41-07:00,33.9,54.2,2.7,0.2,0.0,1.1,2752,194,4,1083
1783729496,2026-07-10T17:24:56-07:00,34.0,54.2,2.7,0.2,0.0,1.1,2752,194,4,1083
1783729511,2026-07-10T17:25:11-07:00,34.8,54.2,2.7,0.2,0.0,1.1,2752,194,3,1083
1783729526,2026-07-10T17:25:26-07:00,34.9,54.2,2.7,0.2,0.0,1.1,2752,194,3,1083
1783729541,2026-07-10T17:25:41-07:00,34.9,54.2,2.7,0.2,0.0,1.1,2752,194,3,1083
1783729556,2026-07-10T17:25:56-07:00,34.9,54.2,2.7,0.2,0.0,1.1,2752,194,3,1083
1783729571,2026-07-10T17:26:11-07:00,35.0,54.2,2.7,0.2,0.0,1.1,2752,194,3,1083
1783729586,2026-07-10T17:26:26-07:00,35.0,54.2,2.7,0.2,0.0,1.1,2752,194,3,1083
1783729601,2026-07-10T17:26:41-07:00,35.1,54.2,2.7,0.2,0.0,1.1,2752,194,3,1083
1783729616,2026-07-10T17:26:56-07:00,36.4,54.2,2.7,0.2,0.7,1.1,2752,194,697,1083
1783729631,2026-07-10T17:27:11-07:00,36.8,54.3,2.7,0.2,0.8,1.1,2752,194,814,1083
1783729646,2026-07-10T17:27:26-07:00,91.0,73.4,2.7,0.2,1.4,1.1,2752,194,1412,1083
1783729661,2026-07-10T17:27:41-07:00,102.4,79.3,2.7,0.2,1.5,1.1,2752,194,1509,1083
1783729676,2026-07-10T17:27:56-07:00,102.3,81.5,2.7,0.2,1.5,1.1,2752,194,1509,1083
1783729691,2026-07-10T17:28:11-07:00,102.3,82.2,2.7,0.2,1.5,1.1,2752,194,1509,1083
1783729706,2026-07-10T17:28:26-07:00,102.3,82.7,2.7,0.2,1.5,1.1,2752,194,1509,1083
1783729721,2026-07-10T17:28:41-07:00,102.3,82.6,2.7,0.2,1.5,1.1,2752,194,1509,1083
1783729736,2026-07-10T17:28:56-07:00,102.4,82.7,2.7,0.2,1.5,1.1,2752,194,1509,1083
1783729751,2026-07-10T17:29:11-07:00,108.2,83.2,2.7,0.2,1.5,1.1,2751,194,1509,1083
1783729766,2026-07-10T17:29:26-07:00,115.4,84.6,2.7,0.2,1.5,1.1,2751,194,1509,1083
1783729782,2026-07-10T17:29:42-07:00,122.3,85.8,2.7,0.2,1.5,1.1,2751,194,1509,1083
1783729797,2026-07-10T17:29:57-07:00,137.7,87.7,2.7,0.2,3.2,1.1,2751,194,3238,1083
1783729812,2026-07-10T17:30:12-07:00,189.8,87.0,2.7,0.2,146.7,1.1,2751,194,150173,1083
1783729827,2026-07-10T17:30:27-07:00,247.8,86.9,2.7,0.2,157.0,1.1,2751,194,160812,1083
1783729842,2026-07-10T17:30:42-07:00,296.6,86.9,2.7,0.2,162.2,1.1,2751,194,166111,1083
1783729857,2026-07-10T17:30:57-07:00,344.5,86.9,2.7,0.2,167.4,1.1,2751,194,171431,1083
1783729872,2026-07-10T17:31:12-07:00,392.8,86.8,2.7,0.2,172.6,1.1,2751,194,176731,1083
1783729887,2026-07-10T17:31:27-07:00,440.8,86.8,2.7,0.2,177.8,1.1,2751,194,182051,1083
1783729902,2026-07-10T17:31:42-07:00,467.1,101.9,2.7,0.2,183.0,1.1,2751,194,187371,1083
1783729917,2026-07-10T17:31:57-07:00,467.1,149.9,2.7,0.2,182.6,1.1,2751,194,187009,1083
1783729932,2026-07-10T17:32:12-07:00,467.1,176.8,2.7,0.2,182.6,1.1,2751,194,187029,1083
1783729947,2026-07-10T17:32:27-07:00,467.1,251.5,2.7,0.2,177.6,1.1,2751,194,181813,1083
1783729962,2026-07-10T17:32:42-07:00,467.1,388.3,2.7,0.2,177.6,1.1,2751,194,181821,1083
1783729977,2026-07-10T17:32:57-07:00,467.1,468.0,2.7,0.2,177.6,1.1,2756,194,181891,1083
1783729992,2026-07-10T17:33:12-07:00,465.4,467.2,2.7,0.2,167.5,1.1,2752,194,171495,1083
1783730007,2026-07-10T17:33:27-07:00,34.7,64.9,2.7,0.2,0.0,1.1,2751,194,2,1083
1783730022,2026-07-10T17:33:42-07:00,34.8,64.9,2.7,0.2,0.0,1.1,2751,194,1,1083
1783730037,2026-07-10T17:33:57-07:00,34.8,64.9,2.7,0.2,0.0,1.1,2751,194,1,1083
1783730052,2026-07-10T17:34:12-07:00,34.9,65.0,2.7,0.2,0.0,1.1,2751,194,0,1083
1783730068,2026-07-10T17:34:28-07:00,35.0,65.0,2.7,0.2,0.0,1.1,2751,194,0,1083
1783730083,2026-07-10T17:34:43-07:00,35.0,64.9,2.7,0.2,0.0,1.1,2751,194,0,1083
1783730098,2026-07-10T17:34:58-07:00,35.1,64.9,2.7,0.2,0.0,1.1,2751,194,0,1083
1783730113,2026-07-10T17:35:13-07:00,35.2,64.9,2.7,0.2,0.0,1.1,2751,194,0,1083
1783730128,2026-07-10T17:35:28-07:00,35.2,64.9,2.7,0.2,0.0,1.1,2751,194,0,1083
1783730143,2026-07-10T17:35:43-07:00,35.2,64.9,2.7,0.2,0.0,1.1,2751,194,0,1083
1783730158,2026-07-10T17:35:58-07:00,35.2,64.9,2.7,0.2,0.0,1.1,2751,194,0,1083
1783730173,2026-07-10T17:36:13-07:00,35.3,64.9,2.7,0.2,0.0,1.1,2751,194,0,1083
1783730188,2026-07-10T17:36:28-07:00,35.3,64.9,2.7,0.2,0.0,1.1,2751,194,0,1083
1783730203,2026-07-10T17:36:43-07:00,35.3,64.9,2.7,0.2,0.0,1.1,2751,194,0,1083
1783730218,2026-07-10T17:36:58-07:00,35.4,64.9,2.7,0.2,0.0,1.1,2751,194,0,1083
1783730233,2026-07-10T17:37:13-07:00,35.5,64.9,2.7,0.2,0.0,1.1,2751,194,0,1083
1783730248,2026-07-10T17:37:28-07:00,35.5,64.9,2.7,0.2,0.0,1.1,2751,194,0,1083
1783730263,2026-07-10T17:37:43-07:00,35.6,64.9,2.7,0.2,0.0,1.1,2751,194,0,1083
1783730278,2026-07-10T17:37:58-07:00,35.6,64.8,2.7,0.2,0.0,1.1,2751,194,0,1083
1783730293,2026-07-10T17:38:13-07:00,35.6,64.8,2.7,0.2,0.0,1.1,2751,194,0,1083
1783730308,2026-07-10T17:38:28-07:00,35.6,64.8,2.7,0.2,0.0,1.1,2751,194,0,1083
1783730323,2026-07-10T17:38:43-07:00,35.7,64.8,2.7,0.2,0.0,1.1,2751,194,0,1083
1783730338,2026-07-10T17:38:58-07:00,35.6,64.8,2.7,0.2,0.0,1.1,2751,194,0,1083
1783730354,2026-07-10T17:39:14-07:00,35.7,64.8,2.7,0.2,0.0,1.1,2751,194,0,1083
1783730369,2026-07-10T17:39:29-07:00,35.7,64.8,2.7,0.2,0.0,1.1,2751,194,0,1083
1783730384,2026-07-10T17:39:44-07:00,35.7,64.8,2.7,0.2,0.0,1.1,2751,194,0,1083
1783730399,2026-07-10T17:39:59-07:00,35.7,64.8,2.7,0.2,0.0,1.1,2751,194,0,1083
1783730414,2026-07-10T17:40:14-07:00,35.6,64.8,2.7,0.2,0.0,1.1,2751,194,0,1083
1783730429,2026-07-10T17:40:29-07:00,35.6,64.8,2.7,0.2,0.0,1.1,2751,194,0,1083
1783730444,2026-07-10T17:40:44-07:00,35.6,64.8,2.7,0.2,0.0,1.1,2751,194,0,1083
1783730459,2026-07-10T17:40:59-07:00,35.6,64.8,2.7,0.2,0.0,1.1,2751,194,0,1083
1783730474,2026-07-10T17:41:14-07:00,35.6,64.8,2.7,0.2,0.0,1.1,2751,194,0,1083
1783730489,2026-07-10T17:41:29-07:00,35.6,64.8,2.7,0.2,0.0,1.1,2751,194,0,1083
1783730504,2026-07-10T17:41:44-07:00,35.6,64.8,2.7,0.2,0.0,1.1,2751,194,0,1083
1783730519,2026-07-10T17:41:59-07:00,35.6,64.8,2.7,0.2,0.0,1.1,2751,194,0,1083
1783730534,2026-07-10T17:42:14-07:00,35.7,64.8,2.7,0.2,0.0,1.1,2751,194,0,1083
1783730549,2026-07-10T17:42:29-07:00,35.7,64.8,2.7,0.2,0.0,1.1,2751,194,0,1083
1783730564,2026-07-10T17:42:44-07:00,35.8,64.7,2.7,0.2,0.0,1.1,2751,194,0,1083
1783730579,2026-07-10T17:42:59-07:00,35.8,64.8,2.7,0.2,0.0,1.1,2751,194,0,1083
1783730594,2026-07-10T17:43:14-07:00,35.8,64.7,2.7,0.2,0.0,1.1,2751,194,0,1083
1783730609,2026-07-10T17:43:29-07:00,35.8,64.7,2.7,0.2,0.0,1.1,2751,194,0,1083
1783730624,2026-07-10T17:43:44-07:00,35.8,64.7,2.7,0.2,0.0,1.1,2751,194,0,1083
1783730639,2026-07-10T17:43:59-07:00,35.8,64.7,2.7,0.2,0.0,1.1,2751,194,0,1083
1783730655,2026-07-10T17:44:15-07:00,35.8,64.7,2.7,0.2,0.0,1.1,2751,194,0,1083
1783730670,2026-07-10T17:44:30-07:00,35.8,64.7,2.7,0.2,0.0,1.1,2751,194,0,1083
1783730685,2026-07-10T17:44:45-07:00,35.8,64.7,2.7,0.2,0.0,1.1,2750,194,0,1083
1783730700,2026-07-10T17:45:00-07:00,35.8,64.7,2.7,0.2,0.0,1.1,2750,194,0,1083
1783730715,2026-07-10T17:45:15-07:00,35.8,64.7,2.7,0.2,0.0,1.1,2750,194,0,1083
1783730730,2026-07-10T17:45:30-07:00,35.9,64.7,2.7,0.2,0.0,1.1,2750,194,0,1083
1783730745,2026-07-10T17:45:45-07:00,35.9,64.7,2.7,0.2,0.0,1.1,2750,194,0,1083
1783730760,2026-07-10T17:46:00-07:00,36.7,64.7,2.7,0.2,0.0,1.1,2750,194,0,1083
1783730775,2026-07-10T17:46:15-07:00,36.7,64.7,2.7,0.2,0.0,1.1,2750,194,0,1083
1783730790,2026-07-10T17:46:30-07:00,36.7,64.7,2.7,0.2,0.0,1.1,2750,194,0,1083
1783730805,2026-07-10T17:46:45-07:00,36.7,64.7,2.7,0.2,0.0,1.1,2750,194,0,1083
1783730820,2026-07-10T17:47:00-07:00,36.8,64.7,2.7,0.2,0.0,1.1,2750,194,0,1083
1783730835,2026-07-10T17:47:15-07:00,36.8,64.7,2.7,0.2,0.0,1.1,2750,194,0,1083
1783730850,2026-07-10T17:47:30-07:00,36.7,64.7,2.7,0.2,0.0,1.1,2750,194,0,1083
1783730865,2026-07-10T17:47:45-07:00,37.2,64.7,2.7,0.2,0.7,1.1,2750,194,694,1083
1783730880,2026-07-10T17:48:00-07:00,40.3,64.7,2.7,0.2,0.7,1.1,2750,194,693,1083
1783730895,2026-07-10T17:48:15-07:00,67.4,70.3,2.7,0.2,1.1,1.1,2750,194,1171,1083
1783730910,2026-07-10T17:48:30-07:00,96.3,76.1,2.7,0.2,1.5,1.1,2750,194,1509,1083
1783730925,2026-07-10T17:48:45-07:00,97.9,76.1,2.7,0.2,1.5,1.1,2750,194,1509,1083
1783730941,2026-07-10T17:49:01-07:00,98.4,76.2,2.7,0.2,1.5,1.1,2750,194,1509,1083
1783730956,2026-07-10T17:49:16-07:00,98.5,76.2,2.7,0.2,1.5,1.1,2750,194,1509,1083
1783730971,2026-07-10T17:49:31-07:00,98.7,76.2,2.7,0.2,1.5,1.1,2750,194,1509,1083
1783730986,2026-07-10T17:49:46-07:00,99.4,76.2,2.7,0.2,1.5,1.1,2750,194,1509,1083
1783731001,2026-07-10T17:50:01-07:00,99.6,76.2,2.7,0.2,1.5,1.1,2750,194,1509,1083
1783731016,2026-07-10T17:50:16-07:00,99.6,76.2,2.7,0.2,1.5,1.1,2750,194,1509,1083
1783731031,2026-07-10T17:50:31-07:00,103.7,76.2,2.7,0.2,1.5,1.1,2750,194,1509,1083
1783731046,2026-07-10T17:50:46-07:00,108.9,76.2,2.7,0.2,1.5,1.1,2750,194,1509,1083
1783731061,2026-07-10T17:51:01-07:00,113.7,78.1,2.7,0.2,1.5,1.1,2750,194,1509,1083
1783731076,2026-07-10T17:51:16-07:00,119.7,78.1,2.7,0.2,1.8,1.1,2750,194,1815,1083
1783731091,2026-07-10T17:51:31-07:00,175.9,78.1,2.7,0.2,146.7,1.1,2750,194,150173,1083
1783731106,2026-07-10T17:51:46-07:00,225.7,78.1,2.7,0.2,151.8,1.1,2750,194,155492,1083
1783731121,2026-07-10T17:52:01-07:00,273.3,78.1,2.7,0.2,157.0,1.1,2750,194,160812,1083
1783731136,2026-07-10T17:52:16-07:00,321.2,78.1,2.7,0.2,162.2,1.1,2750,194,166112,1083
1783731151,2026-07-10T17:52:31-07:00,377.5,78.0,2.7,0.2,167.4,1.1,2750,194,171432,1083
1783731166,2026-07-10T17:52:46-07:00,425.4,78.0,2.7,0.2,172.6,1.1,2750,194,176732,1083
1783731181,2026-07-10T17:53:01-07:00,467.1,84.9,2.7,0.2,181.2,1.1,2750,194,187372,1083
1783731196,2026-07-10T17:53:16-07:00,467.1,135.7,2.7,0.2,183.0,1.1,2750,194,187372,1083
1783731211,2026-07-10T17:53:31-07:00,467.1,177.2,2.7,0.2,177.4,1.1,2750,194,181650,1083
1783731227,2026-07-10T17:53:47-07:00,467.1,258.1,2.7,0.2,167.2,1.1,2750,194,171194,1083
1783731242,2026-07-10T17:54:02-07:00,467.1,393.2,2.7,0.2,168.2,1.1,2750,194,172282,1083
1783731257,2026-07-10T17:54:17-07:00,464.5,467.7,2.7,0.2,179.3,1.1,2755,194,185492,1083
1783731272,2026-07-10T17:54:32-07:00,465.9,468.0,2.7,0.2,177.6,1.1,2752,194,183658,1083
1783731287,2026-07-10T17:54:47-07:00,469.1,465.9,3.1,0.2,174.4,1.1,3158,194,178606,1086
1783731302,2026-07-10T17:55:02-07:00,469.0,467.5,2.9,0.2,183.4,1.1,3020,194,183032,1086
1783731317,2026-07-10T17:55:17-07:00,469.0,467.8,2.9,0.2,182.2,1.1,2959,194,186598,1086
1783731332,2026-07-10T17:55:32-07:00,469.0,467.4,2.8,0.2,182.3,1.1,2902,194,186646,1085
1783731347,2026-07-10T17:55:47-07:00,469.0,468.4,2.8,0.2,182.3,1.1,2855,194,186672,1085
1783731362,2026-07-10T17:56:02-07:00,469.1,468.7,2.8,0.2,182.2,1.1,2821,194,186578,1085
1783731377,2026-07-10T17:56:17-07:00,468.6,468.7,2.7,0.2,177.1,1.1,2807,194,181326,1085
1783731392,2026-07-10T17:56:32-07:00,52.6,356.8,2.7,0.2,147.2,1.1,2804,194,150763,1084
1783731407,2026-07-10T17:56:47-07:00,13.6,46.9,2.7,0.2,0.0,1.1,2803,194,3,1084
1783731422,2026-07-10T17:57:02-07:00,13.7,46.9,2.7,0.2,0.0,1.1,2802,194,2,1084
1783731437,2026-07-10T17:57:17-07:00,13.8,46.8,2.7,0.2,0.0,1.1,2778,194,2,1084
1783731452,2026-07-10T17:57:32-07:00,13.8,46.8,2.7,0.2,0.0,1.1,2777,194,1,1084
1783731468,2026-07-10T17:57:48-07:00,13.8,46.8,2.7,0.2,0.0,1.1,2777,194,1,1084
1783731483,2026-07-10T17:58:03-07:00,14.0,46.8,2.7,0.2,0.0,1.1,2777,194,1,1084
1783731498,2026-07-10T17:58:18-07:00,14.0,46.8,2.7,0.2,0.0,1.1,2777,194,1,1084
1783731513,2026-07-10T17:58:33-07:00,14.0,46.8,2.7,0.2,0.0,1.1,2777,194,1,1084
1783731528,2026-07-10T17:58:48-07:00,14.1,46.8,2.7,0.2,0.0,1.1,2777,194,1,1084
1783731543,2026-07-10T17:59:03-07:00,14.1,46.8,2.7,0.2,0.0,1.1,2776,194,1,1084
1783731558,2026-07-10T17:59:18-07:00,14.1,46.7,2.7,0.2,0.0,1.1,2776,194,1,1084
1783731573,2026-07-10T17:59:33-07:00,14.1,46.7,2.7,0.2,0.0,1.1,2776,194,1,1084
1783731588,2026-07-10T17:59:48-07:00,15.4,46.7,2.7,0.2,0.0,1.1,2775,194,1,1084
1783731603,2026-07-10T18:00:03-07:00,15.9,46.8,2.7,0.2,0.0,1.1,2774,194,1,1084
1783731618,2026-07-10T18:00:18-07:00,15.9,46.8,2.7,0.2,0.0,1.1,2773,194,1,1084
1783731633,2026-07-10T18:00:33-07:00,15.9,46.9,2.7,0.2,0.0,1.1,2773,194,1,1084
1783731648,2026-07-10T18:00:48-07:00,15.9,46.9,2.7,0.2,0.0,1.1,2772,194,1,1084
1783731663,2026-07-10T18:01:03-07:00,15.9,47.0,2.7,0.2,0.0,1.1,2772,194,1,1084
1783731678,2026-07-10T18:01:18-07:00,15.9,47.0,2.7,0.2,0.0,1.1,2772,194,1,1084
1783731693,2026-07-10T18:01:33-07:00,16.2,47.1,2.7,0.2,0.0,1.1,2772,194,1,1084
1783731708,2026-07-10T18:01:48-07:00,20.7,47.1,2.7,0.2,0.7,1.1,2771,194,693,1084
1783731723,2026-07-10T18:02:03-07:00,38.0,52.1,2.7,0.2,1.0,1.1,2771,194,1005,1084
1783731738,2026-07-10T18:02:18-07:00,76.8,58.2,2.7,0.2,1.5,1.1,2771,194,1509,1084
1783731754,2026-07-10T18:02:34-07:00,78.6,58.3,2.7,0.2,1.5,1.1,2771,194,1509,1084
1783731769,2026-07-10T18:02:49-07:00,79.3,58.3,2.7,0.2,1.5,1.1,2771,194,1509,1084
1783731784,2026-07-10T18:03:04-07:00,79.4,58.3,2.7,0.2,1.5,1.1,2771,194,1509,1084
1783731799,2026-07-10T18:03:19-07:00,79.6,58.2,2.7,0.2,1.5,1.1,2771,194,1509,1084
1783731814,2026-07-10T18:03:34-07:00,80.1,58.3,2.7,0.2,1.5,1.1,2771,194,1509,1084
1783731829,2026-07-10T18:03:49-07:00,80.4,58.2,2.7,0.2,1.5,1.1,2771,194,1509,1084
1783731844,2026-07-10T18:04:04-07:00,80.9,58.2,2.7,0.2,1.5,1.1,2771,194,1509,1084
1783731859,2026-07-10T18:04:19-07:00,86.5,58.8,2.7,0.2,1.5,1.1,2771,194,1509,1084
1783731874,2026-07-10T18:04:34-07:00,92.3,59.6,2.7,0.2,1.5,1.1,2771,194,1509,1084
1783731889,2026-07-10T18:04:49-07:00,98.2,60.3,2.7,0.2,1.5,1.1,2771,194,1509,1084
1783731904,2026-07-10T18:05:04-07:00,111.0,62.5,2.7,0.2,3.2,1.1,2771,194,3238,1084
1783731919,2026-07-10T18:05:19-07:00,167.5,65.5,2.7,0.2,146.7,1.1,2771,194,150173,1084
1783731934,2026-07-10T18:05:34-07:00,223.5,67.5,2.7,0.2,157.0,1.1,2771,194,160812,1084
1783731949,2026-07-10T18:05:49-07:00,271.6,67.7,2.7,0.2,157.0,1.1,2771,194,160812,1084
1783731964,2026-07-10T18:06:04-07:00,319.6,67.7,2.7,0.2,167.4,1.1,2771,194,171432,1084
1783731979,2026-07-10T18:06:19-07:00,375.6,67.7,2.7,0.2,172.6,1.1,2771,194,176732,1084
1783731994,2026-07-10T18:06:34-07:00,423.7,67.7,2.7,0.2,177.8,1.1,2771,194,182052,1084
1783732009,2026-07-10T18:06:49-07:00,467.1,72.9,2.7,0.2,183.0,1.1,2771,194,187371,1084
1783732024,2026-07-10T18:07:04-07:00,467.0,104.7,2.7,0.2,164.9,1.1,2771,194,171089,1084
1783732040,2026-07-10T18:07:20-07:00,467.1,144.2,2.7,0.2,167.1,1.1,2771,194,171129,1084
1783732055,2026-07-10T18:07:35-07:00,467.1,261.7,2.7,0.2,167.2,1.1,2771,194,171193,1084
1783732070,2026-07-10T18:07:50-07:00,467.1,389.8,2.7,0.2,168.2,1.1,2771,194,172281,1084
1783732085,2026-07-10T18:08:05-07:00,468.2,466.5,2.7,0.2,146.9,1.1,2771,194,150451,1154
1783732100,2026-07-10T18:08:20-07:00,468.8,466.1,2.7,0.2,177.2,1.1,2771,194,181501,1154
1783732115,2026-07-10T18:08:35-07:00,469.1,466.8,2.7,0.2,140.1,1.1,2785,194,146169,1150
1783732130,2026-07-10T18:08:50-07:00,469.1,468.0,2.7,0.2,182.2,1.1,2780,194,186597,1101
1783732145,2026-07-10T18:09:05-07:00,469.1,468.9,2.7,0.2,183.1,1.1,2779,194,187505,1089
1783732160,2026-07-10T18:09:20-07:00,469.0,467.7,2.7,0.2,173.8,1.1,2778,194,178011,1086
1783732175,2026-07-10T18:09:35-07:00,469.0,468.3,2.7,0.2,174.5,1.1,2777,194,178679,1084
1783732190,2026-07-10T18:09:50-07:00,468.9,468.0,2.7,0.2,150.5,1.1,2777,194,156765,1084
1783732205,2026-07-10T18:10:05-07:00,468.9,468.2,2.7,0.2,175.2,1.1,2776,194,179355,1084
1783732220,2026-07-10T18:10:20-07:00,468.8,468.4,2.7,0.2,169.8,1.1,2775,194,173903,1084
1783732235,2026-07-10T18:10:35-07:00,468.8,468.5,2.7,0.2,172.1,1.1,2774,194,178489,1084
1783732250,2026-07-10T18:10:50-07:00,468.8,468.9,2.7,0.2,179.2,1.1,2773,194,183499,1084
1783732265,2026-07-10T18:11:05-07:00,468.8,466.5,2.7,0.2,84.6,1.1,2773,194,86685,1085
1783732281,2026-07-10T18:11:21-07:00,468.8,467.9,2.7,0.2,176.3,1.1,2773,194,180513,1084
1783732296,2026-07-10T18:11:36-07:00,468.7,467.8,2.7,0.2,183.4,1.1,2772,194,187819,1084
1783732311,2026-07-10T18:11:51-07:00,468.7,467.5,2.7,0.2,122.6,1.1,2772,194,128145,1084
1783732326,2026-07-10T18:12:06-07:00,468.7,468.1,2.7,0.2,183.4,1.1,2772,194,187777,1084
1783732341,2026-07-10T18:12:21-07:00,468.7,467.7,2.7,0.2,181.5,1.1,2772,194,185843,1084
1783732356,2026-07-10T18:12:36-07:00,468.7,467.6,2.7,0.2,174.1,1.1,2772,194,178269,1084
1783732371,2026-07-10T18:12:51-07:00,468.7,467.4,2.7,0.2,167.0,1.1,2772,194,171059,1084
1783732386,2026-07-10T18:13:06-07:00,468.6,467.4,2.7,0.2,169.3,1.1,2772,194,175345,1084
1783732401,2026-07-10T18:13:21-07:00,468.6,467.2,2.7,0.2,131.7,1.1,2772,194,134853,1084
1783732416,2026-07-10T18:13:36-07:00,468.6,467.7,2.7,0.2,158.7,1.1,2772,194,165179,1084
1783732431,2026-07-10T18:13:51-07:00,468.6,467.4,2.7,0.2,132.0,1.1,2772,194,135187,1084
1783732446,2026-07-10T18:14:06-07:00,468.6,467.5,2.7,0.2,183.7,1.1,2772,194,188077,1084
1783732461,2026-07-10T18:14:21-07:00,468.6,467.5,2.7,0.2,137.7,1.1,2772,194,143603,1084
1783732476,2026-07-10T18:14:36-07:00,468.5,467.6,2.7,0.2,171.5,1.1,2772,194,175613,1084
1783732491,2026-07-10T18:14:51-07:00,468.5,468.0,2.7,0.2,174.4,1.1,2772,194,178539,1084
1783732506,2026-07-10T18:15:06-07:00,468.5,467.4,2.7,0.2,135.7,1.1,2772,194,141887,1084
1783732522,2026-07-10T18:15:22-07:00,468.5,467.4,2.7,0.2,127.1,1.1,2772,194,130113,1084
1783732537,2026-07-10T18:15:37-07:00,468.5,467.7,2.7,0.2,178.7,1.1,2772,194,183005,1084
1783732552,2026-07-10T18:15:52-07:00,468.4,468.1,2.7,0.2,138.4,1.1,2772,194,144411,1084
1783732567,2026-07-10T18:16:07-07:00,468.4,468.4,2.7,0.2,148.8,1.1,2771,194,152341,1084
1783732582,2026-07-10T18:16:22-07:00,468.4,468.1,2.7,0.2,121.7,1.1,2771,194,124667,1084
1783732597,2026-07-10T18:16:37-07:00,468.4,468.0,2.7,0.2,118.1,1.1,2771,194,114355,1084
1783732612,2026-07-10T18:16:52-07:00,468.4,468.2,2.7,0.2,122.0,1.1,2771,194,124921,1084
1783732627,2026-07-10T18:17:07-07:00,468.4,468.4,2.7,0.2,177.2,1.1,2771,194,181431,1084
1783732642,2026-07-10T18:17:22-07:00,468.4,468.2,2.7,0.2,143.7,1.1,2771,194,147141,1084
1783732657,2026-07-10T18:17:37-07:00,466.1,471.0,2.7,0.2,183.1,1.1,2791,194,187507,1087
1783732672,2026-07-10T18:17:52-07:00,464.7,470.6,2.7,0.2,169.7,1.1,2786,194,173735,1087
1783732687,2026-07-10T18:18:07-07:00,465.3,470.5,2.7,0.2,182.7,1.1,2782,194,184541,1086
1783732702,2026-07-10T18:18:22-07:00,465.3,470.6,2.7,0.2,128.3,1.1,2780,194,124289,1086
1783732717,2026-07-10T18:18:37-07:00,463.5,470.1,2.7,0.2,163.5,1.1,2776,194,167395,1085
1783732732,2026-07-10T18:18:52-07:00,12.4,7.5,2.7,0.2,0.0,1.1,2775,194,3,1085
1783732747,2026-07-10T18:19:07-07:00,12.5,7.5,2.7,0.2,0.0,1.1,2774,194,2,1085
1783732763,2026-07-10T18:19:23-07:00,12.7,7.5,2.7,0.2,0.0,1.1,2774,194,2,1085
1783732778,2026-07-10T18:19:38-07:00,12.7,7.5,2.7,0.2,0.0,1.1,2774,194,2,1085
1783732793,2026-07-10T18:19:53-07:00,12.7,7.5,2.7,0.2,0.0,1.1,2773,194,2,1085
1783732808,2026-07-10T18:20:08-07:00,12.9,7.5,2.7,0.2,0.0,1.1,2773,194,2,1085
1783732823,2026-07-10T18:20:23-07:00,13.0,7.5,2.7,0.2,0.0,1.1,2773,194,2,1085
1783732838,2026-07-10T18:20:38-07:00,13.1,7.5,2.7,0.2,0.0,1.1,2773,194,2,1085
1783732853,2026-07-10T18:20:53-07:00,13.2,7.5,2.7,0.2,0.0,1.1,2773,194,2,1085
1783732868,2026-07-10T18:21:08-07:00,13.4,7.6,2.7,0.2,0.0,1.1,2773,194,2,1085
1783732883,2026-07-10T18:21:23-07:00,14.6,7.8,2.7,0.2,0.0,1.1,2773,194,1,1085
1783732898,2026-07-10T18:21:38-07:00,14.6,7.8,2.7,0.2,0.0,1.1,2773,194,1,1085
1783732913,2026-07-10T18:21:53-07:00,14.6,7.9,2.7,0.2,0.0,1.1,2773,194,1,1085
1783732928,2026-07-10T18:22:08-07:00,14.7,7.9,2.7,0.2,0.0,1.1,2773,194,1,1085
1783732943,2026-07-10T18:22:23-07:00,14.7,8.0,2.7,0.2,0.0,1.1,2773,194,1,1085
1783732958,2026-07-10T18:22:38-07:00,14.7,8.0,2.7,0.2,0.0,1.1,2773,194,1,1085
1783732973,2026-07-10T18:22:53-07:00,14.7,8.1,2.7,0.2,0.0,1.1,2773,194,1,1085
1783732988,2026-07-10T18:23:08-07:00,14.8,8.1,2.7,0.2,0.0,1.1,2773,194,1,1085
1783733003,2026-07-10T18:23:23-07:00,14.8,8.1,2.7,0.2,0.0,1.1,2773,194,1,1085
1783733018,2026-07-10T18:23:38-07:00,14.8,8.2,2.7,0.2,0.0,1.1,2773,194,1,1085
1783733034,2026-07-10T18:23:54-07:00,14.9,8.2,2.7,0.2,0.0,1.1,2773,194,1,1085
1783733049,2026-07-10T18:24:09-07:00,14.9,8.2,2.7,0.2,0.0,1.1,2773,194,1,1085
1783733064,2026-07-10T18:24:24-07:00,15.0,8.2,2.7,0.2,0.0,1.1,2773,194,1,1085
1783733079,2026-07-10T18:24:39-07:00,15.0,8.2,2.7,0.2,0.0,1.1,2773,194,1,1085
1783733094,2026-07-10T18:24:54-07:00,17.2,8.2,2.7,0.2,0.7,1.1,2773,194,694,1085
1783733109,2026-07-10T18:25:09-07:00,21.5,8.1,2.7,0.2,0.7,1.1,2773,194,693,1085
1783733124,2026-07-10T18:25:24-07:00,23.7,8.1,2.7,0.2,0.7,1.1,2773,194,693,1085
1783733139,2026-07-10T18:25:39-07:00,68.9,33.0,2.7,0.2,0.7,1.1,2773,194,693,1085
1783733154,2026-07-10T18:25:54-07:00,115.2,37.7,2.7,0.2,0.7,1.1,2773,194,693,1085
1783733169,2026-07-10T18:26:09-07:00,136.8,27.8,2.7,0.2,0.7,1.1,2773,194,693,1085
1783733184,2026-07-10T18:26:24-07:00,136.8,31.5,2.7,0.2,0.7,1.1,2773,194,693,1085
1783733199,2026-07-10T18:26:39-07:00,136.8,32.6,2.7,0.2,0.7,1.1,2773,194,693,1085
1783733214,2026-07-10T18:26:54-07:00,136.7,32.4,2.7,0.2,0.7,1.1,2773,194,693,1085
1783733229,2026-07-10T18:27:09-07:00,136.7,32.1,2.7,0.2,0.7,1.1,2773,194,693,1085
1783733244,2026-07-10T18:27:24-07:00,137.3,32.3,2.7,0.2,0.7,1.1,2773,194,693,1085
1783733259,2026-07-10T18:27:39-07:00,139.9,32.3,2.7,0.2,0.7,1.1,2773,194,693,1085
1783733274,2026-07-10T18:27:54-07:00,177.5,32.5,2.7,0.2,7.0,1.1,2773,194,7137,1085
1783733289,2026-07-10T18:28:09-07:00,212.6,39.4,2.7,0.2,181.9,1.1,2773,194,186251,1085
1783733304,2026-07-10T18:28:24-07:00,241.7,41.8,2.7,0.2,181.1,1.1,2773,194,185469,1085
1783733320,2026-07-10T18:28:40-07:00,271.4,42.9,2.7,0.2,175.2,1.1,2773,194,179449,1085
1783733335,2026-07-10T18:28:55-07:00,297.2,42.8,2.7,0.2,175.2,1.1,2773,194,179449,1085
1783733350,2026-07-10T18:29:10-07:00,316.2,42.8,2.7,0.2,154.6,1.1,2773,194,158909,1085
1783733365,2026-07-10T18:29:25-07:00,326.4,42.6,2.7,0.2,176.7,1.1,2773,194,182749,1085
1783733380,2026-07-10T18:29:40-07:00,352.8,42.6,2.7,0.2,180.5,1.1,2773,194,184789,1085
1783733395,2026-07-10T18:29:55-07:00,370.7,42.6,2.7,0.2,180.5,1.1,2773,194,184829,1085
1783733410,2026-07-10T18:30:10-07:00,389.6,42.6,2.7,0.2,151.9,1.1,2773,194,157849,1085
1783733425,2026-07-10T18:30:25-07:00,398.8,42.5,2.7,0.2,180.5,1.1,2773,194,184849,1085
1783733440,2026-07-10T18:30:40-07:00,63.9,29.9,2.7,0.2,0.0,1.1,2773,194,3,1085
1783733455,2026-07-10T18:30:55-07:00,63.8,29.9,2.7,0.2,0.0,1.1,2773,194,2,1085
1783733470,2026-07-10T18:31:10-07:00,63.8,29.9,2.7,0.2,0.0,1.1,2773,194,2,1085
1783733485,2026-07-10T18:31:25-07:00,63.8,29.9,2.7,0.2,0.0,1.1,2773,194,2,1085
1783733500,2026-07-10T18:31:40-07:00,63.8,29.9,2.7,0.2,0.0,1.1,2773,194,2,1085
1783733515,2026-07-10T18:31:55-07:00,63.7,29.9,2.7,0.2,0.0,1.1,2773,194,2,1085
1783733530,2026-07-10T18:32:10-07:00,63.7,29.9,2.7,0.2,0.0,1.1,2773,194,2,1085
1783733545,2026-07-10T18:32:25-07:00,63.6,29.9,2.7,0.2,0.0,1.1,2773,194,1,1085
1783733560,2026-07-10T18:32:40-07:00,63.6,29.9,2.7,0.2,0.0,1.1,2773,194,1,1085
1783733576,2026-07-10T18:32:56-07:00,63.6,29.9,2.7,0.2,0.0,1.1,2773,194,0,1085
1783733591,2026-07-10T18:33:11-07:00,63.5,29.9,2.7,0.2,0.0,1.1,2773,194,0,1085
1783733606,2026-07-10T18:33:26-07:00,63.5,29.9,2.7,0.2,0.0,1.1,2773,194,0,1085
1783733621,2026-07-10T18:33:41-07:00,63.5,29.9,2.7,0.2,0.0,1.1,2773,194,0,1085
1783733636,2026-07-10T18:33:56-07:00,63.6,29.9,2.7,0.2,0.0,1.1,2773,194,0,1085
1783733651,2026-07-10T18:34:11-07:00,63.6,29.9,2.7,0.2,0.0,1.1,2773,194,0,1085
1783733666,2026-07-10T18:34:26-07:00,63.5,29.9,2.7,0.2,0.0,1.1,2773,194,0,1085
1783733681,2026-07-10T18:34:41-07:00,63.6,29.9,2.7,0.2,0.0,1.1,2773,194,0,1085
1783733696,2026-07-10T18:34:56-07:00,63.6,29.9,2.7,0.2,0.0,1.1,2773,194,0,1085
1783733711,2026-07-10T18:35:11-07:00,63.6,29.9,2.7,0.2,0.0,1.1,2773,194,0,1085
1783733726,2026-07-10T18:35:26-07:00,63.5,29.9,2.7,0.2,0.0,1.1,2773,194,0,1085
1783733741,2026-07-10T18:35:41-07:00,63.5,29.9,2.7,0.2,0.0,1.1,2773,194,0,1085
1783733756,2026-07-10T18:35:56-07:00,63.5,29.9,2.7,0.2,0.0,1.1,2773,194,0,1085
1783733771,2026-07-10T18:36:11-07:00,63.5,29.9,2.7,0.2,0.0,1.1,2773,194,0,1085
1783733786,2026-07-10T18:36:26-07:00,63.5,29.9,2.7,0.2,0.0,1.1,2773,194,0,1085
1783733801,2026-07-10T18:36:41-07:00,63.6,29.9,2.7,0.2,0.0,1.1,2773,194,0,1085
1783733816,2026-07-10T18:36:56-07:00,63.6,29.9,2.7,0.2,0.0,1.1,2773,194,0,1085
1783733831,2026-07-10T18:37:11-07:00,63.7,29.9,2.7,0.2,0.0,1.1,2773,194,0,1085
1783733846,2026-07-10T18:37:26-07:00,63.7,29.9,2.7,0.2,0.0,1.1,2773,194,0,1085
1783733862,2026-07-10T18:37:42-07:00,63.8,29.9,2.7,0.2,0.0,1.1,2773,194,0,1085
1783733877,2026-07-10T18:37:57-07:00,63.8,29.9,2.7,0.2,0.0,1.1,2773,194,0,1085
1783733892,2026-07-10T18:38:12-07:00,63.8,29.9,2.7,0.2,0.0,1.1,2773,194,0,1085
1783733907,2026-07-10T18:38:27-07:00,63.8,29.9,2.7,0.2,0.0,1.1,2773,194,0,1085
1783733922,2026-07-10T18:38:42-07:00,63.8,29.9,2.7,0.2,0.0,1.1,2773,194,0,1085
1783733937,2026-07-10T18:38:57-07:00,63.8,29.9,2.7,0.2,0.0,1.1,2773,194,0,1085
1783733952,2026-07-10T18:39:12-07:00,63.7,29.9,2.7,0.2,0.0,1.1,2773,194,0,1085
1783733967,2026-07-10T18:39:27-07:00,63.7,29.9,2.7,0.2,0.0,1.1,2773,194,0,1085
1783733982,2026-07-10T18:39:42-07:00,63.7,29.9,2.7,0.2,0.0,1.1,2773,194,0,1085
1783733997,2026-07-10T18:39:57-07:00,63.7,29.9,2.7,0.2,0.0,1.1,2773,194,0,1085
1783734012,2026-07-10T18:40:12-07:00,63.7,29.9,2.7,0.2,0.0,1.1,2773,194,0,1085
1783734027,2026-07-10T18:40:27-07:00,63.7,29.9,2.7,0.2,0.0,1.1,2773,194,0,1085
1783734042,2026-07-10T18:40:42-07:00,63.8,29.9,2.7,0.2,0.0,1.1,2773,194,0,1085
1783734057,2026-07-10T18:40:57-07:00,64.6,29.9,2.7,0.2,0.0,1.1,2773,194,0,1085
1783734072,2026-07-10T18:41:12-07:00,64.6,29.9,2.7,0.2,0.0,1.1,2773,194,0,1085
1783734087,2026-07-10T18:41:27-07:00,64.7,29.9,2.7,0.2,0.0,1.1,2773,194,0,1085
1783734102,2026-07-10T18:41:42-07:00,64.7,29.9,2.7,0.2,0.0,1.1,2773,194,0,1085
1783734117,2026-07-10T18:41:57-07:00,64.7,29.9,2.7,0.2,0.0,1.1,2773,194,0,1085
1783734132,2026-07-10T18:42:12-07:00,64.7,29.9,2.7,0.2,0.0,1.1,2773,194,0,1085
1783734148,2026-07-10T18:42:28-07:00,64.7,29.9,2.7,0.2,0.0,1.1,2773,194,0,1085
1783734163,2026-07-10T18:42:43-07:00,64.6,29.9,2.7,0.2,0.0,1.1,2773,194,0,1085
1783734178,2026-07-10T18:42:58-07:00,64.6,29.9,2.7,0.2,0.0,1.1,2773,194,0,1085
1783734193,2026-07-10T18:43:13-07:00,64.6,29.9,2.7,0.2,0.0,1.1,2773,194,0,1085
1783734208,2026-07-10T18:43:28-07:00,64.6,29.9,2.7,0.2,0.0,1.1,2773,194,0,1085
1783734223,2026-07-10T18:43:43-07:00,64.6,29.9,2.7,0.2,0.0,1.1,2773,194,0,1085
1783734238,2026-07-10T18:43:58-07:00,64.6,29.9,2.7,0.2,0.0,1.1,2773,194,0,1085
1783734253,2026-07-10T18:44:13-07:00,64.5,29.9,2.7,0.2,0.0,1.1,2773,194,0,1085
1783734268,2026-07-10T18:44:28-07:00,64.9,29.9,2.7,0.2,0.7,1.1,2773,194,693,1085
1783734283,2026-07-10T18:44:43-07:00,67.7,29.9,2.7,0.2,0.7,1.1,2773,194,693,1085
1783734298,2026-07-10T18:44:58-07:00,66.9,29.8,2.7,0.2,0.7,1.1,2773,194,693,1085
1783734313,2026-07-10T18:45:13-07:00,99.9,50.9,2.7,0.2,0.7,1.1,2773,194,693,1085
1783734328,2026-07-10T18:45:28-07:00,126.6,39.5,2.7,0.2,0.7,1.1,2773,194,693,1085
1783734343,2026-07-10T18:45:43-07:00,143.1,30.6,2.7,0.2,0.7,1.1,2773,194,693,1085
1783734358,2026-07-10T18:45:58-07:00,144.8,30.6,2.7,0.2,0.7,1.1,2773,194,693,1085
1783734373,2026-07-10T18:46:13-07:00,145.4,30.6,2.7,0.2,0.7,1.1,2773,194,693,1085
1783734388,2026-07-10T18:46:28-07:00,145.3,30.6,2.7,0.2,0.7,1.1,2773,194,693,1085
1783734403,2026-07-10T18:46:43-07:00,145.5,30.6,2.7,0.2,0.7,1.1,2773,194,693,1085
1783734418,2026-07-10T18:46:58-07:00,145.4,30.6,2.7,0.2,0.7,1.1,2773,194,693,1085
1783734434,2026-07-10T18:47:14-07:00,145.8,30.6,2.7,0.2,0.7,1.1,2773,194,693,1085
1783734449,2026-07-10T18:47:29-07:00,146.5,30.7,2.7,0.2,0.7,1.1,2773,194,693,1085
1783734464,2026-07-10T18:47:44-07:00,155.2,29.6,2.7,0.2,7.0,1.1,2773,194,7137,1085
1783734479,2026-07-10T18:47:59-07:00,208.4,38.8,2.7,0.2,179.9,1.1,2773,194,184172,1085
1783734494,2026-07-10T18:48:14-07:00,246.7,38.8,2.7,0.2,181.0,1.1,2773,194,185310,1085
1783734509,2026-07-10T18:48:29-07:00,284.4,38.8,2.7,0.2,181.0,1.1,2773,194,185310,1085
1783734524,2026-07-10T18:48:44-07:00,320.6,39.2,2.7,0.2,175.1,1.1,2773,194,179309,1085
1783734539,2026-07-10T18:48:59-07:00,338.8,42.5,2.7,0.2,129.6,1.1,2773,194,123549,1085
1783734554,2026-07-10T18:49:14-07:00,356.9,43.5,2.7,0.2,175.1,1.1,2773,194,179349,1085
1783734569,2026-07-10T18:49:29-07:00,382.8,43.5,2.7,0.2,175.7,1.1,2773,194,179909,1085
1783734584,2026-07-10T18:49:44-07:00,402.4,43.5,2.7,0.2,175.2,1.1,2773,194,179369,1085
1783734599,2026-07-10T18:49:59-07:00,420.7,43.9,2.7,0.2,134.2,1.1,2773,194,139909,1085
1783734614,2026-07-10T18:50:14-07:00,438.7,43.9,2.7,0.2,175.6,1.1,2773,194,179769,1085
1783734629,2026-07-10T18:50:29-07:00,465.8,43.8,2.7,0.2,165.6,1.1,2773,194,161289,1085
1783734644,2026-07-10T18:50:44-07:00,467.1,61.8,2.7,0.2,159.8,1.1,2773,194,165669,1085
1783734659,2026-07-10T18:50:59-07:00,467.1,81.2,2.7,0.2,173.1,1.1,2773,194,169029,1085
1783734674,2026-07-10T18:51:14-07:00,465.6,92.0,2.7,0.2,169.9,1.1,2773,194,174009,1085
1783734689,2026-07-10T18:51:29-07:00,66.7,36.3,2.7,0.2,0.0,1.1,2773,194,3,1085
1783734705,2026-07-10T18:51:45-07:00,66.7,36.2,2.7,0.2,0.0,1.1,2773,194,2,1085
1783734720,2026-07-10T18:52:00-07:00,66.7,36.2,2.7,0.2,0.0,1.1,2773,194,2,1085
1783734735,2026-07-10T18:52:15-07:00,66.6,36.1,2.7,0.2,0.0,1.1,2773,194,2,1085
1783734750,2026-07-10T18:52:30-07:00,66.6,36.1,2.7,0.2,0.0,1.1,2773,194,1,1085
1783734765,2026-07-10T18:52:45-07:00,66.7,36.1,2.7,0.2,0.0,1.1,2773,194,1,1085
1783734780,2026-07-10T18:53:00-07:00,66.7,36.1,2.7,0.2,0.0,1.1,2773,194,1,1085
1783734795,2026-07-10T18:53:15-07:00,66.6,36.0,2.7,0.2,0.0,1.1,2773,194,1,1085
1783734810,2026-07-10T18:53:30-07:00,66.7,36.0,2.7,0.2,0.0,1.1,2773,194,1,1085
1783734825,2026-07-10T18:53:45-07:00,66.6,36.0,2.7,0.2,0.0,1.1,2773,194,1,1085
1783734840,2026-07-10T18:54:00-07:00,67.5,36.0,2.7,0.2,0.0,1.1,2773,194,0,1085
1783734855,2026-07-10T18:54:15-07:00,67.5,36.0,2.7,0.2,0.0,1.1,2773,194,0,1085
1783734870,2026-07-10T18:54:30-07:00,67.5,36.0,2.7,0.2,0.0,1.1,2773,194,0,1085
1783734885,2026-07-10T18:54:45-07:00,67.6,36.0,2.7,0.2,0.0,1.1,2773,194,0,1085
1783734900,2026-07-10T18:55:00-07:00,67.7,35.9,2.7,0.2,0.0,1.1,2773,194,0,1085
1783734915,2026-07-10T18:55:15-07:00,67.7,35.9,2.7,0.2,0.0,1.1,2773,194,0,1085
1783734930,2026-07-10T18:55:30-07:00,67.7,35.9,2.7,0.2,0.0,1.1,2773,194,0,1085
1783734945,2026-07-10T18:55:45-07:00,67.7,35.9,2.7,0.2,0.0,1.1,2773,194,0,1085
1783734960,2026-07-10T18:56:00-07:00,67.8,35.9,2.7,0.2,0.0,1.1,2773,194,0,1085
1783734975,2026-07-10T18:56:15-07:00,67.8,35.9,2.7,0.2,0.0,1.1,2773,194,0,1085
1783734991,2026-07-10T18:56:31-07:00,67.9,35.9,2.7,0.2,0.0,1.1,2773,194,0,1085
1783735006,2026-07-10T18:56:46-07:00,67.9,35.9,2.7,0.2,0.0,1.1,2773,194,0,1085
1783735021,2026-07-10T18:57:01-07:00,67.9,35.8,2.7,0.2,0.0,1.1,2773,194,0,1085
1783735036,2026-07-10T18:57:16-07:00,67.7,35.8,2.7,0.2,0.0,1.1,2773,194,0,1085
1783735051,2026-07-10T18:57:31-07:00,67.6,35.8,2.7,0.2,0.7,1.1,2773,194,693,1085
1783735066,2026-07-10T18:57:46-07:00,70.3,35.7,2.7,0.2,0.7,1.1,2773,194,693,1085
1783735081,2026-07-10T18:58:01-07:00,71.7,35.7,2.7,0.2,0.7,1.1,2773,194,693,1085
1783735096,2026-07-10T18:58:16-07:00,96.9,58.0,2.7,0.2,0.7,1.1,2773,194,693,1085
1783735111,2026-07-10T18:58:31-07:00,122.3,46.0,2.7,0.2,0.7,1.1,2773,194,693,1085
1783735126,2026-07-10T18:58:46-07:00,144.8,35.3,2.7,0.2,0.7,1.1,2773,194,693,1085
1783735141,2026-07-10T18:59:01-07:00,146.8,35.2,2.7,0.2,0.7,1.1,2773,194,693,1085
1783735156,2026-07-10T18:59:16-07:00,147.1,35.2,2.7,0.2,0.7,1.1,2773,194,693,1085
1783735171,2026-07-10T18:59:31-07:00,147.3,35.1,2.7,0.2,0.7,1.1,2773,194,693,1085
1783735186,2026-07-10T18:59:46-07:00,147.3,35.0,2.7,0.2,0.7,1.1,2773,194,693,1085
1783735201,2026-07-10T19:00:01-07:00,147.4,35.0,2.7,0.2,0.7,1.1,2773,194,693,1085
1783735216,2026-07-10T19:00:16-07:00,147.5,35.1,2.7,0.2,0.7,1.1,2773,194,693,1085
1783735231,2026-07-10T19:00:31-07:00,148.1,35.1,2.7,0.2,0.7,1.1,2773,194,693,1085
1783735246,2026-07-10T19:00:46-07:00,194.9,41.3,2.7,0.2,13.3,1.1,2773,194,13582,1085
1783735261,2026-07-10T19:01:01-07:00,226.5,45.3,2.7,0.2,180.7,1.1,2773,194,185031,1085
1783735277,2026-07-10T19:01:17-07:00,265.8,45.2,2.7,0.2,181.1,1.1,2773,194,185491,1085
1783735292,2026-07-10T19:01:32-07:00,311.1,45.7,2.7,0.2,181.1,1.1,2773,194,185491,1085
1783735307,2026-07-10T19:01:47-07:00,331.5,54.6,2.7,0.2,181.1,1.1,2773,194,185490,1085
1783735322,2026-07-10T19:02:02-07:00,358.5,54.6,2.7,0.2,184.0,1.1,2773,194,175490,1085
1783735337,2026-07-10T19:02:17-07:00,375.5,54.4,2.7,0.2,175.2,1.1,2773,194,179429,1085
1783735352,2026-07-10T19:02:32-07:00,393.6,54.3,2.7,0.2,175.8,1.1,2773,194,179989,1085
1783735367,2026-07-10T19:02:47-07:00,412.5,54.3,2.7,0.2,147.3,1.1,2773,194,153749,1085
1783735382,2026-07-10T19:03:02-07:00,431.1,54.2,2.7,0.2,153.9,1.1,2773,194,160329,1085
1783735397,2026-07-10T19:03:17-07:00,453.0,54.2,2.7,0.2,175.2,1.1,2773,194,179429,1085
1783735412,2026-07-10T19:03:32-07:00,466.9,55.3,2.7,0.2,131.4,1.1,2773,194,137449,1085
1783735427,2026-07-10T19:03:47-07:00,466.9,73.6,2.7,0.2,160.0,1.1,2773,194,163809,1085
1783735442,2026-07-10T19:04:02-07:00,467.0,91.9,2.7,0.2,160.2,1.1,2773,194,166509,1085
1783735457,2026-07-10T19:04:17-07:00,467.1,118.8,2.7,0.2,180.5,1.1,2773,194,184809,1085
1783735472,2026-07-10T19:04:32-07:00,467.1,137.0,2.7,0.2,180.5,1.1,2773,194,184789,1085
1783735487,2026-07-10T19:04:47-07:00,467.0,156.0,2.7,0.2,139.8,1.1,2773,194,134749,1085
1783735502,2026-07-10T19:05:02-07:00,466.9,173.7,2.7,0.2,118.3,1.1,2773,194,124069,1085
1783735517,2026-07-10T19:05:17-07:00,467.1,190.5,2.7,0.2,180.5,1.1,2773,194,184809,1085
1783735533,2026-07-10T19:05:33-07:00,467.1,269.4,2.7,0.2,180.6,1.1,2773,194,184935,1085
1783735548,2026-07-10T19:05:48-07:00,467.0,397.0,2.7,0.2,146.6,1.1,2773,194,152683,1085
1783735563,2026-07-10T19:06:03-07:00,467.0,451.1,2.7,0.2,146.6,1.1,2773,194,150093,1085
1783735578,2026-07-10T19:06:18-07:00,467.1,467.1,2.7,0.2,181.6,1.1,2773,194,185915,1085
1783735593,2026-07-10T19:06:33-07:00,467.1,467.6,2.7,0.2,172.1,1.1,2773,194,178535,1085
1783735608,2026-07-10T19:06:48-07:00,466.4,458.8,2.7,0.2,178.8,1.1,2773,194,183117,1085
1783735623,2026-07-10T19:07:03-07:00,467.1,461.2,2.7,0.2,181.9,1.1,2773,194,186239,1085
1783735638,2026-07-10T19:07:18-07:00,467.1,463.7,2.7,0.2,181.3,1.1,2773,194,185641,1085
1783735653,2026-07-10T19:07:33-07:00,467.1,465.3,2.7,0.2,178.9,1.1,2773,194,183201,1085
1783735668,2026-07-10T19:07:48-07:00,467.1,466.4,2.7,0.2,182.2,1.1,2773,194,186543,1085
1783735683,2026-07-10T19:08:03-07:00,467.1,466.1,2.7,0.2,181.6,1.1,2773,194,185945,1085
1783735698,2026-07-10T19:08:18-07:00,467.1,466.4,2.7,0.2,182.5,1.1,2773,194,186925,1085
1783735713,2026-07-10T19:08:33-07:00,467.1,467.1,2.7,0.2,179.5,1.1,2773,194,183847,1085
1783735728,2026-07-10T19:08:48-07:00,467.1,467.5,2.7,0.2,181.9,1.1,2773,194,186289,1085
1783735743,2026-07-10T19:09:03-07:00,467.1,467.5,2.7,0.2,182.8,1.1,2773,194,187149,1085
1783735758,2026-07-10T19:09:18-07:00,467.1,467.2,2.7,0.2,159.0,1.1,2773,194,165191,1085
1783735774,2026-07-10T19:09:34-07:00,467.1,467.5,2.7,0.2,182.2,1.1,2773,194,186533,1085
1783735789,2026-07-10T19:09:49-07:00,467.1,467.4,2.7,0.2,179.5,1.1,2773,194,183773,1085
1783735804,2026-07-10T19:10:04-07:00,467.1,467.3,2.7,0.2,183.1,1.1,2773,194,187537,1085
1783735819,2026-07-10T19:10:19-07:00,467.1,467.0,2.7,0.2,154.6,1.1,2773,194,160057,1085
1783735834,2026-07-10T19:10:34-07:00,467.1,467.3,2.7,0.2,180.3,1.1,2773,194,184579,1085
1783735849,2026-07-10T19:10:49-07:00,467.1,467.4,2.7,0.2,183.5,1.1,2773,194,187881,1085
1783735864,2026-07-10T19:11:04-07:00,467.1,467.2,2.7,0.2,142.6,1.1,2773,194,148341,1085
1783735879,2026-07-10T19:11:19-07:00,467.1,467.4,2.7,0.2,156.4,1.1,2773,194,162143,1085
1783735894,2026-07-10T19:11:34-07:00,467.1,467.5,2.7,0.2,175.3,1.1,2773,194,179545,1085
1783735909,2026-07-10T19:11:49-07:00,467.1,467.2,2.7,0.2,122.2,1.1,2773,194,127445,1085
1783735924,2026-07-10T19:12:04-07:00,467.1,467.6,2.7,0.2,180.5,1.1,2773,194,184847,1085
1783735939,2026-07-10T19:12:19-07:00,467.1,467.5,2.7,0.2,172.3,1.1,2773,194,178547,1085
1783735954,2026-07-10T19:12:34-07:00,467.1,467.5,2.7,0.2,178.2,1.1,2773,194,182451,1085
1783735969,2026-07-10T19:12:49-07:00,467.1,467.7,2.7,0.2,178.9,1.1,2773,194,183151,1085
1783735985,2026-07-10T19:13:05-07:00,467.1,467.6,2.7,0.2,179.1,1.1,2773,194,183413,1085
1783736000,2026-07-10T19:13:20-07:00,467.1,467.4,2.7,0.2,97.6,1.1,2773,194,102255,1085
1783736015,2026-07-10T19:13:35-07:00,467.1,467.9,2.7,0.2,181.6,1.1,2773,194,185915,1085
1783736030,2026-07-10T19:13:50-07:00,467.1,468.0,2.7,0.2,179.4,1.1,2773,194,183677,1085
1783736045,2026-07-10T19:14:05-07:00,467.1,468.0,2.7,0.2,178.8,1.1,2773,194,183119,1085
1783736060,2026-07-10T19:14:20-07:00,467.1,468.0,2.7,0.2,168.2,1.1,2773,194,172279,1085
1783736075,2026-07-10T19:14:35-07:00,467.1,467.9,2.7,0.2,171.8,1.1,2773,194,168521,1085
1783736090,2026-07-10T19:14:50-07:00,467.1,467.9,2.7,0.2,168.5,1.1,2773,194,172501,1085
1783736105,2026-07-10T19:15:05-07:00,467.1,468.0,2.7,0.2,179.7,1.1,2773,194,184043,1085
1783736120,2026-07-10T19:15:20-07:00,467.1,467.5,2.7,0.2,98.0,1.1,2773,194,102505,1085
1783736135,2026-07-10T19:15:35-07:00,467.1,467.9,2.7,0.2,177.0,1.1,2773,194,181285,1085
1783736150,2026-07-10T19:15:50-07:00,467.1,467.9,2.7,0.2,180.2,1.1,2773,194,184547,1085
1783736165,2026-07-10T19:16:05-07:00,467.1,467.9,2.7,0.2,179.5,1.1,2773,194,185329,1085
1783736180,2026-07-10T19:16:20-07:00,467.1,467.8,2.7,0.2,180.6,1.1,2773,194,184911,1085
1783736196,2026-07-10T19:16:36-07:00,467.1,467.7,2.7,0.2,177.5,1.1,2773,194,181733,1085
1783736211,2026-07-10T19:16:51-07:00,467.1,467.8,2.7,0.2,182.5,1.1,2773,194,184593,1085
1783736226,2026-07-10T19:17:06-07:00,467.1,467.8,2.7,0.2,173.4,1.1,2773,194,177515,1085
1783736241,2026-07-10T19:17:21-07:00,467.1,467.8,2.7,0.2,180.8,1.1,2773,194,185157,1085
1783736256,2026-07-10T19:17:36-07:00,467.1,467.7,2.7,0.2,180.2,1.1,2773,194,184537,1085
1783736271,2026-07-10T19:17:51-07:00,467.1,467.6,2.7,0.2,175.9,1.1,2773,194,180099,1085
1783736286,2026-07-10T19:18:06-07:00,467.1,467.4,2.7,0.2,137.0,1.1,2773,194,132681,1085
1783736301,2026-07-10T19:18:21-07:00,467.1,467.6,2.7,0.2,175.2,1.1,2773,194,179423,1085
1783736316,2026-07-10T19:18:36-07:00,467.1,467.7,2.7,0.2,173.2,1.1,2773,194,177343,1085
1783736331,2026-07-10T19:18:51-07:00,467.1,467.6,2.7,0.2,176.0,1.1,2773,194,180185,1085
1783736346,2026-07-10T19:19:06-07:00,467.1,467.6,2.7,0.2,173.2,1.1,2773,194,177325,1085
1783736361,2026-07-10T19:19:21-07:00,467.1,467.6,2.7,0.2,177.6,1.1,2773,194,181847,1085
1783736376,2026-07-10T19:19:36-07:00,467.1,467.8,2.7,0.2,174.0,1.1,2773,194,180329,1085
1783736391,2026-07-10T19:19:51-07:00,467.1,467.8,2.7,0.2,176.0,1.1,2773,194,180231,1085
1783736406,2026-07-10T19:20:06-07:00,467.1,468.1,2.7,0.2,173.8,1.1,2773,194,177991,1085
1783736422,2026-07-10T19:20:22-07:00,467.1,468.3,2.7,0.2,120.7,1.1,2773,194,118913,1085
1783736437,2026-07-10T19:20:37-07:00,467.1,468.5,2.7,0.2,165.6,1.1,2773,194,169575,1085
1783736452,2026-07-10T19:20:52-07:00,467.1,468.4,2.7,0.2,177.1,1.1,2773,194,181315,1085
1783736467,2026-07-10T19:21:07-07:00,467.1,468.4,2.7,0.2,178.8,1.1,2773,194,185137,1085
1783736482,2026-07-10T19:21:22-07:00,467.1,468.3,2.7,0.2,166.0,1.1,2773,194,170019,1085
1783736497,2026-07-10T19:21:37-07:00,467.1,468.2,2.7,0.2,174.5,1.1,2773,194,178659,1085
1783736512,2026-07-10T19:21:52-07:00,467.1,468.2,2.7,0.2,177.5,1.1,2773,194,181761,1085
1783736527,2026-07-10T19:22:07-07:00,467.1,468.2,2.7,0.2,176.9,1.1,2773,194,181103,1085
1783736542,2026-07-10T19:22:22-07:00,467.1,468.2,2.7,0.2,177.7,1.1,2773,194,181985,1085
1783736557,2026-07-10T19:22:37-07:00,467.1,468.3,2.7,0.2,177.9,1.1,2773,194,182207,1085
1783736572,2026-07-10T19:22:52-07:00,467.1,468.3,2.7,0.2,166.6,1.1,2773,194,172147,1085
1783736587,2026-07-10T19:23:07-07:00,467.1,468.3,2.7,0.2,177.9,1.1,2773,194,182149,1085
1783736602,2026-07-10T19:23:22-07:00,467.1,468.3,2.7,0.2,178.1,1.1,2773,194,182351,1085
1783736617,2026-07-10T19:23:37-07:00,467.1,468.3,2.7,0.2,177.5,1.1,2773,194,181751,1085
1783736632,2026-07-10T19:23:52-07:00,467.1,468.3,2.7,0.2,173.0,1.1,2773,194,177133,1085
1783736647,2026-07-10T19:24:07-07:00,461.0,466.5,2.8,0.2,172.4,1.2,2908,194,177033,1188
1783736663,2026-07-10T19:24:23-07:00,464.9,466.1,2.8,0.2,156.0,1.1,2845,194,159795,1176
1783736678,2026-07-10T19:24:38-07:00,467.1,466.7,2.7,0.2,156.0,1.1,2812,194,159795,1174
1783736693,2026-07-10T19:24:53-07:00,467.1,468.7,2.7,0.2,156.0,1.1,2798,194,159795,1170
1783736708,2026-07-10T19:25:08-07:00,466.7,466.4,2.7,0.2,182.3,1.1,2791,194,186655,1164
1783736723,2026-07-10T19:25:23-07:00,467.1,467.1,2.7,0.2,182.3,1.1,2788,194,186655,1161
1783736738,2026-07-10T19:25:38-07:00,467.1,467.7,2.7,0.2,182.3,1.1,2786,194,186655,1159
1783736753,2026-07-10T19:25:53-07:00,467.1,467.7,2.7,0.2,182.3,1.1,2784,194,186655,1157
1783736768,2026-07-10T19:26:08-07:00,467.1,467.8,2.7,0.2,182.3,1.1,2782,194,186655,1148
1783736783,2026-07-10T19:26:23-07:00,467.1,467.9,2.7,0.2,182.3,1.1,2782,194,186655,1146
1783736798,2026-07-10T19:26:38-07:00,467.1,467.8,2.7,0.2,150.7,1.1,2781,194,156615,1145
1783736813,2026-07-10T19:26:53-07:00,467.1,468.1,2.7,0.2,182.2,1.1,2781,194,186595,1145
1783736828,2026-07-10T19:27:08-07:00,467.1,468.1,2.7,0.2,182.3,1.1,2781,194,186677,1143
1783736843,2026-07-10T19:27:23-07:00,467.1,467.9,2.7,0.2,111.1,1.1,2780,194,116319,1142
1783736858,2026-07-10T19:27:38-07:00,467.1,468.3,2.7,0.2,181.3,1.1,2780,194,185601,1141
1783736873,2026-07-10T19:27:53-07:00,467.1,468.3,2.7,0.2,179.9,1.1,2780,194,184261,1141
1783736888,2026-07-10T19:28:08-07:00,467.1,468.3,2.7,0.2,172.5,1.1,2779,194,178823,1135
1783736904,2026-07-10T19:28:24-07:00,467.1,468.2,2.7,0.2,134.5,1.1,2779,194,140047,1135
1783736919,2026-07-10T19:28:39-07:00,467.1,468.3,2.7,0.2,171.2,1.1,2778,194,175287,1133
1783736934,2026-07-10T19:28:54-07:00,467.1,468.3,2.7,0.2,120.4,1.1,2777,194,126247,1131
1783736949,2026-07-10T19:29:09-07:00,467.1,468.3,2.7,0.2,172.9,1.1,2776,194,177031,1130
1783736964,2026-07-10T19:29:24-07:00,467.1,468.3,2.7,0.2,178.1,1.1,2775,194,182353,1129
1783736979,2026-07-10T19:29:39-07:00,467.1,468.5,2.7,0.2,182.3,1.1,2774,194,186715,1128
1783736994,2026-07-10T19:29:54-07:00,467.1,468.5,2.7,0.2,182.5,1.1,2774,194,186855,1127
1783737009,2026-07-10T19:30:09-07:00,467.1,468.4,2.7,0.2,111.8,1.1,2774,194,117237,1122
1783737024,2026-07-10T19:30:24-07:00,467.1,468.5,2.7,0.2,168.3,1.1,2774,194,172299,1122
1783737039,2026-07-10T19:30:39-07:00,467.1,468.7,2.7,0.2,157.5,1.1,2773,194,163921,1122
1783737054,2026-07-10T19:30:54-07:00,467.1,468.8,2.7,0.2,173.7,1.1,2773,194,177903,1122
1783737069,2026-07-10T19:31:09-07:00,467.1,468.7,2.7,0.2,172.5,1.1,2773,194,176643,1121
1783737084,2026-07-10T19:31:24-07:00,467.1,468.7,2.7,0.2,142.9,1.1,2773,194,149005,1121
1783737099,2026-07-10T19:31:39-07:00,467.1,468.9,2.7,0.2,169.0,1.1,2773,194,173027,1121
1783737115,2026-07-10T19:31:55-07:00,364.7,444.4,2.7,0.2,168.2,1.1,2773,194,172247,1116
1783737130,2026-07-10T19:32:10-07:00,48.0,17.3,2.7,0.2,0.0,1.1,2773,194,2,1112
1783737145,2026-07-10T19:32:25-07:00,48.7,17.3,2.7,0.2,0.0,1.1,2773,194,1,1111
1783737160,2026-07-10T19:32:40-07:00,48.8,17.3,2.7,0.2,0.0,1.1,2773,194,0,1110
1783737175,2026-07-10T19:32:55-07:00,48.8,17.3,2.7,0.2,0.0,1.1,2773,194,0,1109
1783737190,2026-07-10T19:33:10-07:00,48.8,17.3,2.7,0.2,0.0,1.1,2773,194,0,1108
1783737205,2026-07-10T19:33:25-07:00,48.8,17.3,2.7,0.2,0.0,1.1,2773,194,0,1108
1783737220,2026-07-10T19:33:40-07:00,48.8,17.2,2.7,0.2,0.0,1.1,2773,194,0,1108
1783737235,2026-07-10T19:33:55-07:00,48.4,17.2,2.7,0.2,0.0,1.1,2773,194,1,1106
1783737250,2026-07-10T19:34:10-07:00,50.3,17.3,2.7,0.2,0.7,1.1,2773,194,693,1101
1783737265,2026-07-10T19:34:25-07:00,60.0,21.1,2.7,0.2,0.9,1.1,2773,194,933,1096
1783737280,2026-07-10T19:34:40-07:00,116.7,40.8,2.7,0.2,1.5,1.1,2773,194,1509,1088
1783737295,2026-07-10T19:34:55-07:00,119.8,40.8,2.7,0.2,1.5,1.1,2773,194,1509,1088
1783737310,2026-07-10T19:35:10-07:00,121.3,40.7,2.7,0.2,1.5,1.1,2773,194,1509,1087
1783737325,2026-07-10T19:35:25-07:00,121.6,40.7,2.7,0.2,1.5,1.1,2773,194,1509,1087
1783737340,2026-07-10T19:35:40-07:00,121.6,40.7,2.7,0.2,1.5,1.1,2773,194,1509,1087
1783737355,2026-07-10T19:35:55-07:00,121.7,40.6,2.7,0.2,1.5,1.1,2773,194,1509,1087
1783737370,2026-07-10T19:36:10-07:00,123.4,40.9,2.7,0.2,1.5,1.1,2773,194,1509,1087
1783737385,2026-07-10T19:36:25-07:00,129.3,43.7,2.7,0.2,1.5,1.1,2773,194,1509,1086
1783737401,2026-07-10T19:36:41-07:00,135.3,46.1,2.7,0.2,1.5,1.1,2773,194,1509,1085
1783737416,2026-07-10T19:36:56-07:00,141.2,48.0,2.7,0.2,1.5,1.1,2773,194,1509,1085
1783737431,2026-07-10T19:37:11-07:00,154.6,51.0,2.7,0.2,71.9,1.1,2773,194,73613,1085
1783737446,2026-07-10T19:37:26-07:00,210.8,52.8,2.7,0.2,142.4,1.1,2773,194,145791,1085
1783737461,2026-07-10T19:37:41-07:00,266.7,53.1,2.7,0.2,147.4,1.1,2773,194,150951,1085
1783737476,2026-07-10T19:37:56-07:00,322.6,53.0,2.7,0.2,152.5,1.1,2773,194,156111,1085
1783737491,2026-07-10T19:38:11-07:00,378.5,53.1,2.7,0.2,157.5,1.1,2773,194,161271,1085
1783737506,2026-07-10T19:38:26-07:00,434.4,53.3,2.7,0.2,162.5,1.1,2773,194,166431,1085
1783737521,2026-07-10T19:38:41-07:00,467.1,68.7,2.7,0.2,167.6,1.1,2773,194,171591,1085
1783737536,2026-07-10T19:38:56-07:00,467.1,124.7,2.7,0.2,172.6,1.1,2773,194,176731,1085
1783737551,2026-07-10T19:39:11-07:00,467.1,174.5,2.7,0.2,177.6,1.1,2773,194,181891,1084
1783737566,2026-07-10T19:39:26-07:00,467.1,233.0,2.7,0.2,177.7,1.1,2773,194,181955,1084
1783737581,2026-07-10T19:39:41-07:00,467.1,366.9,2.7,0.2,177.7,1.1,2773,194,181963,1084
1783737596,2026-07-10T19:39:56-07:00,467.0,468.5,2.7,0.2,177.8,1.1,2773,194,182033,1084
1783737611,2026-07-10T19:40:11-07:00,455.4,464.0,2.8,0.2,177.8,1.2,2816,194,182033,1202
1783737626,2026-07-10T19:40:26-07:00,463.4,469.0,2.7,0.2,178.6,1.1,2794,194,182861,1145
1783737641,2026-07-10T19:40:41-07:00,464.4,468.1,2.7,0.2,156.9,1.1,2791,194,163249,1103
1783737656,2026-07-10T19:40:56-07:00,466.8,469.0,2.7,0.2,163.7,1.1,2788,194,167617,1088
1783737672,2026-07-10T19:41:12-07:00,464.8,469.0,2.7,0.2,137.5,1.1,2786,194,140825,1086
1783737687,2026-07-10T19:41:27-07:00,466.2,469.0,2.7,0.2,182.8,1.1,2784,194,187231,1086
1783737702,2026-07-10T19:41:42-07:00,466.1,469.0,2.7,0.2,158.6,1.1,2782,194,164423,1086
1783737717,2026-07-10T19:41:57-07:00,466.2,469.0,2.7,0.2,183.7,1.1,2781,194,188109,1086
1783737732,2026-07-10T19:42:12-07:00,466.3,469.0,2.7,0.2,176.9,1.1,2779,194,181175,1085
1783737747,2026-07-10T19:42:27-07:00,334.5,467.2,2.7,0.2,177.6,1.1,2778,194,181857,1085
