epoch,phase,node0_memfree_kb,global_memavailable_kb,top_py_pid,top_py_vmrss_kb
1785933382,p352,468635648,1703635968,0,0
1785933386,p352,468643328,1703174976,0,0
1785933389,p352,468650304,1702680320,0,0
1785933393,p352,468659520,1702089088,0,0
1785933396,p352,468666816,1701714560,0,0
1785933400,p352,468676224,1701316672,0,0
1785933403,p352,468683520,1700985408,0,0
1785933406,p352,468619392,1700597440,0,0
1785933410,p352,468628992,1700288000,0,0
1785933413,p352,468636288,1699840832,0,0
1785933417,p352,468644928,1699532800,0,0
1785933420,p352,468654144,1698818880,0,0
1785933424,p352,468577152,1698259520,0,0
1785933428,p352,467919744,1696520448,0,0
1785933431,p352,463593984,1684699008,0,0
1785933435,p352,462063808,1681127232,0,0
1785933438,p352,461031616,1680003648,0,0
1785933442,p352,458990592,1676912576,0,0
1785933445,p352,457593024,1675484416,0,0
1785933449,p352,456674304,1675052480,0,0
1785933452,p352,456334080,1677534016,0,0
1785933456,p352,455731136,1677154368,0,0
1785933459,p352,455887872,1677241344,0,0
1785933463,p352,459815808,1686293632,0,0
1785933467,p352,459378368,1685977216,0,0
1785933470,p352,459312832,1685920960,0,0
1785933474,p352,459383936,1685107456,0,0
1785933477,p352,459444608,1681762176,0,0
1785933481,p352,459330688,1681158912,0,0
1785933484,p352,459125440,1680228160,0,0
1785933488,p352,459140992,1679492480,0,0
1785933492,p352,458989312,1678626368,0,0
1785933495,p352,459191808,1678080064,0,0
1785933499,p352,459088000,1677240000,0,0
1785933502,p352,459014016,1676456960,0,0
1785933506,p352,458998336,1675712704,0,0
1785933509,p352,459088896,1675071872,0,0
1785933513,p352,458861376,1674137984,0,0
1785933516,p352,458850368,1673381440,0,0
1785933520,p352,458801856,1672596416,0,0
1785933523,p352,458813312,1669316160,0,0
1785933527,p352,458757952,1668459520,0,0
1785933531,p352,448688000,1668733376,0,0
1785933536,p352,364981504,1582337024,0,0
1785933540,p352,282734272,1500460800,0,0
1785933544,p352,200575040,1410917312,0,0
1785933548,p352,204552768,1405680896,0,0
1785933551,p352,213485376,1398906560,0,0
1785933555,p352,222203008,1391838144,0,0
1785933559,p352,231064896,1384525184,0,0
1785933563,p352,240044928,1377379840,0,0
1785933566,p352,249096640,1368376000,0,0
1785933570,p352,258322240,1359772416,0,0
1785933574,p352,267489344,1350578880,0,0
1785933578,p352,278929344,1347863360,0,0
1785933581,p352,288231296,1335474368,0,0
1785933585,p352,299670272,1329144128,0,0
1785933589,p352,311357632,1324211136,0,0
1785933593,p352,316479232,1313618176,0,0
1785933596,p352,313143936,1312545216,0,0
1785933600,p352,312813504,1312228480,0,0
1785933603,p352,312623616,1311986688,0,0
1785933607,p352,312386432,1311656192,0,0
1785933611,p352,312183808,1311326912,0,0
1785933614,p352,312236608,1311130496,0,0
1785933618,p352,312116608,1310983488,0,0
1785933622,p352,311862656,1310407360,0,0
1785933625,p352,311953216,1310247744,0,0
1785933629,p352,311898624,1310102016,0,0
1785933633,p352,311858496,1309954240,0,0
1785933636,p352,311740544,1309882176,0,0
1785933640,p352,311860480,1309868288,0,0
1785933644,p352,311986176,1309746688,0,0
1785933647,p352,311926208,1309678272,0,0
1785933651,p352,311850880,1309469696,0,0
1785933655,p352,311787776,1309398400,0,0
1785933658,p352,311649728,1309198336,0,0
1785933662,p352,311599552,1309204096,0,0
1785933666,p352,311615424,1309191360,0,0
1785933669,p352,311790528,1309487296,0,0
1785933673,p352,311946880,1309557312,0,0
1785933677,p352,311990336,1309620544,0,0
1785933680,p352,312080448,1309718720,0,0
1785933684,p352,312200704,1309808384,0,0
1785933688,p352,312200832,1309766080,0,0
1785933691,p352,312196160,1309893248,0,0
1785933695,p352,312357120,1310138624,0,0
1785933699,p352,312372736,1310163392,0,0
1785933702,p352,312494784,1310312064,0,0
1785933706,p352,312565248,1310348992,0,0
1785933710,p352,312513472,1310245120,0,0
1785933713,p352,312432704,1310230464,0,0
1785933717,p352,312426624,1310144384,0,0
1785933721,p352,312298240,1310060608,0,0
1785933724,p352,312155200,1309713024,0,0
1785933728,p352,312242496,1309829888,0,0
1785933732,p352,311502848,1309248640,0,0
1785933735,p352,310733056,1308809792,0,0
1785933739,p352,310016320,1308470848,0,0
1785933743,p352,309175424,1307958400,0,0
1785933747,p352,308365376,1307521280,0,0
1785933750,p352,307364608,1306823872,0,0
1785933754,p352,306032832,1305887552,0,0
1785933758,p352,305114752,1305285952,0,0
1785933762,p352,304277440,1304812096,0,0
1785933765,p352,303498112,1304411456,0,0
1785933769,p352,303045888,1304310144,0,0
1785933773,p352,302082816,1303713408,0,0
1785933777,p352,301147712,1302940608,0,0
1785933780,p352,299756096,1301867648,0,0
1785933784,p352,299161664,1301478720,0,0
1785933788,p352,298482752,1301057856,0,0
1785933792,p352,297562688,1300356544,0,0
1785933795,p352,296544192,1299581248,0,0
1785933799,p352,295790848,1299075328,0,0
1785933803,p352,294860608,1298369600,0,0
1785933806,p352,294010304,1297821312,0,0
1785933810,p352,293077632,1296947264,0,0
1785933814,p352,292573888,1296451904,0,0
1785933818,p352,291827712,1295700992,0,0
1785933822,p352,290726080,1294600256,0,0
1785933825,p352,290104128,1293980672,0,0
1785933829,p352,289228672,1293230016,0,0
1785933833,p352,288199104,1292245568,0,0
1785933837,p352,284782464,1284853120,0,0
1785933841,p352,260568704,1256349888,0,0
1785933845,p352,259285952,1249827200,0,0
1785933849,p352,257393600,1223294016,0,0
1785933853,p352,250459968,1199900096,0,0
1785933857,p352,237053120,1147298624,0,0
1785933862,p352,223875072,1129924736,0,0
1785933866,p352,210834048,1116871360,0,0
1785933870,p352,195499456,1101515904,0,0
1785933874,p352,178602752,1084621056,0,0
1785933878,p352,163088896,1069119616,0,0
1785933882,p352,150444864,1056479296,0,0
1785933886,p352,137851968,1043889728,0,0
1785933890,p352,125446080,1031480640,0,0
1785933894,p352,112610240,1018632128,0,0
1785933898,p352,98017344,1004045824,0,0
1785933902,p352,83047104,989085120,0,0
1785933907,p352,77487872,983517824,0,0
1785933911,p352,62037696,963839552,0,0
1785933915,p352,46364864,948169984,0,0
1785933919,p352,33430976,935256000,0,0
1785933923,p352,20614784,922443456,0,0
1785933927,p352,15712192,917140864,0,0
1785933931,p352,11148416,910815808,0,0
1785933935,p352,11656640,906198528,0,0
1785933943,p352,11301760,902027520,0,0
1785933948,p352,13604096,900311360,0,0
1785933952,p352,16338496,889679360,0,0
1785933956,p352,15197184,876078144,0,0
1785933960,p352,16670720,865237504,0,0
1785933964,p352,16906496,852907264,0,0
1785933968,p352,15574080,839760896,0,0
1785933972,p352,13574912,828255232,0,0
1785933975,p352,14916160,810314368,0,0
1785933979,p352,14924672,797185280,0,0
1785933984,p352,15434880,783528704,0,0
1785933988,p352,13969856,769314368,0,0
1785933992,p352,17746432,757098496,0,0
1785933995,p352,12024192,740565888,0,0
1785933999,p352,12651392,723100352,0,0
1785934003,p352,13827008,709892544,0,0
1785934007,p352,14906048,697872064,0,0
1785934011,p352,14340544,684083712,0,0
1785934015,p352,15278016,676026496,0,0
1785934019,p352,12539584,670998656,0,0
1785934023,p352,16078720,669687488,0,0
1785934027,p352,20249088,674047872,0,0
1785934031,p348,25264256,680550720,0,0
1785934034,p348,204196544,1200104576,0,0
1785934038,p348,463982656,1691075008,0,0
1785934041,p348,464002560,1697463616,0,0
1785934045,p348,464022720,1697146368,0,0
1785934048,p348,464062656,1696966336,0,0
1785934052,p348,463210240,1696083584,0,0
1785934055,p348,463203520,1695789056,0,0
1785934059,p348,463227136,1695594496,0,0
1785934062,p348,463184704,1695317440,0,0
1785934066,p348,463174720,1694895424,0,0
1785934069,p348,463077120,1694270528,0,0
1785934073,p348,463071552,1693842176,0,0
1785934077,p348,462677952,1692300736,0,0
1785934080,p348,459861888,1682989184,0,0
1785934084,p348,457279488,1677210368,0,0
1785934087,p348,456312960,1675423808,0,0
1785934091,p348,454662400,1672800320,0,0
1785934095,p348,454289408,1672648896,0,0
1785934098,p348,453620480,1672123392,0,0
1785934102,p348,453708864,1675045760,0,0
1785934105,p348,453724992,1675244928,0,0
1785934109,p348,453814848,1675397184,0,0
1785934112,p348,458147712,1684894784,0,0
1785934116,p348,458163072,1685378560,0,0
1785934119,p348,458129088,1685624384,0,0
1785934123,p348,457701952,1684522048,0,0
1785934127,p348,457051136,1680659648,0,0
1785934130,p348,456272064,1678970688,0,0
1785934134,p348,455650816,1677684096,0,0
1785934138,p348,455207680,1676237888,0,0
1785934141,p348,455072384,1675702272,0,0
1785934145,p348,455038656,1675170880,0,0
1785934148,p348,455049664,1674683008,0,0
1785934152,p348,455034176,1673966144,0,0
1785934156,p348,454950208,1673109184,0,0
1785934159,p348,455053952,1672297472,0,0
1785934163,p348,455048704,1671441216,0,0
1785934167,p348,455079296,1670806848,0,0
1785934170,p348,455121472,1669948224,0,0
1785934174,p348,455118976,1666167360,0,0
1785934178,p348,455054016,1667682176,0,0
1785934182,p348,435946176,1655361152,0,0
1785934187,p348,350267456,1571617856,0,0
1785934191,p348,265342592,1486116544,0,0
1785934195,p348,198704000,1409854208,0,0
1785934199,p348,203411264,1399993472,0,0
1785934202,p348,212778368,1396976768,0,0
1785934206,p348,219827840,1387008064,0,0
1785934210,p348,229061248,1385422848,0,0
1785934213,p348,238071872,1378320704,0,0
1785934217,p348,247268480,1371490304,0,0
1785934221,p348,256673792,1364992768,0,0
1785934224,p348,266101760,1358403584,0,0
1785934228,p348,275558144,1348684864,0,0
1785934232,p348,284924992,1340939136,0,0
1785934235,p348,296329856,1338456512,0,0
1785934239,p348,305826944,1326693376,0,0
1785934243,p348,317157120,1320003072,0,0
1785934247,p348,312602688,1313391040,0,0
1785934250,p348,312307712,1315370752,0,0
1785934254,p348,311546176,1314199936,0,0
1785934258,p348,311080192,1313489728,0,0
1785934261,p348,310407232,1312730944,0,0
1785934265,p348,310023040,1312145664,0,0
1785934269,p348,309487936,1311434496,0,0
1785934272,p348,309136320,1310887360,0,0
1785934276,p348,309033600,1310688384,0,0
1785934280,p348,309204864,1310550528,0,0
1785934283,p348,309120384,1310234688,0,0
1785934287,p348,308949120,1309914560,0,0
1785934291,p348,308819456,1309776448,0,0
1785934294,p348,308714880,1309678528,0,0
1785934298,p348,308686144,1309600384,0,0
1785934302,p348,308537792,1309496256,0,0
1785934305,p348,308298432,1309239424,0,0
1785934309,p348,308233472,1309185984,0,0
1785934313,p348,308294784,1309239424,0,0
1785934316,p348,308269184,1309208448,0,0
1785934320,p348,308077888,1308949120,0,0
1785934324,p348,307988224,1308915840,0,0
1785934328,p348,308176512,1309100864,0,0
1785934332,p348,308074048,1308969024,0,0
1785934335,p348,307779008,1308613056,0,0
1785934339,p348,307506944,1308405696,0,0
1785934343,p348,307389120,1308307776,0,0
1785934346,p348,307329792,1308342208,0,0
1785934350,p348,307281216,1308368640,0,0
1785934354,p348,307389248,1308489024,0,0
1785934357,p348,307351232,1308461824,0,0
1785934361,p348,307367040,1308303488,0,0
1785934365,p348,307349568,1308270272,0,0
1785934368,p348,307262976,1308341504,0,0
1785934372,p348,307315648,1308446976,0,0
1785934376,p348,307348224,1308533696,0,0
1785934379,p348,307147456,1308195072,0,0
1785934383,p348,306818816,1307795264,0,0
1785934387,p348,306479872,1307631680,0,0
1785934391,p348,305584192,1306922688,0,0
1785934395,p348,304481728,1306231616,0,0
1785934399,p348,303811136,1305902016,0,0
1785934403,p348,302868800,1305316032,0,0
1785934407,p348,301643712,1304425472,0,0
1785934411,p348,300845504,1304002304,0,0
1785934415,p348,299744896,1303052352,0,0
1785934419,p348,299184768,1302486592,0,0
1785934422,p348,298780608,1302104256,0,0
1785934426,p348,298563776,1301873024,0,0
1785934430,p348,298253504,1301560320,0,0
1785934434,p348,297753344,1301177664,0,0
1785934438,p348,297464128,1300899904,0,0
1785934442,p348,296782656,1300225536,0,0
1785934445,p348,296226752,1299677568,0,0
1785934449,p348,295750912,1299201664,0,0
1785934453,p348,295112064,1298572672,0,0
1785934457,p348,294792704,1298255488,0,0
1785934461,p348,294447040,1297993728,0,0
1785934465,p348,293802048,1297301760,0,0
1785934469,p348,293135040,1296638144,0,0
1785934473,p348,292485248,1295982528,0,0
1785934477,p348,291748224,1295247296,0,0
1785934481,p348,290965888,1294459968,0,0
1785934485,p348,290240000,1293734976,0,0
1785934489,p348,289615296,1293115712,0,0
1785934493,p348,288584000,1292190080,0,0
1785934497,p348,288133504,1291798720,0,0
1785934502,p348,285763008,1285459008,0,0
1785934506,p348,262526912,1262240192,0,0
1785934510,p348,260550720,1250889856,0,0
1785934514,p348,258067584,1224059200,0,0
1785934518,p348,250378176,1203400128,0,0
1785934522,p348,245265664,1156229056,0,0
1785934526,p348,240683968,1147472256,0,0
1785934530,p348,235705088,1142474624,0,0
1785934533,p348,227777408,1134566080,0,0
1785934537,p348,223303680,1130092928,0,0
1785934541,p348,218789632,1125579008,0,0
1785934545,p348,212772736,1119552512,0,0
1785934549,p348,205401536,1112202240,0,0
1785934553,p348,201074304,1107873472,0,0
1785934557,p348,197151552,1103950720,0,0
1785934561,p348,190304448,1097092928,0,0
1785934565,p348,184592448,1091388800,0,0
1785934569,p348,180407808,1083032128,0,0
1785934573,p348,175991232,1078611264,0,0
1785934577,p348,167791040,1070410112,0,0
1785934581,p348,163514688,1066135808,0,0
1785934585,p348,159433216,1062059008,0,0
1785934588,p348,150857408,1053475904,0,0
1785934593,p348,146613760,1049233280,0,0
1785934597,p348,142374272,1044998528,0,0
1785934601,p348,134022720,1036646976,0,0
1785934605,p348,129682752,1032303104,0,0
1785934609,p348,125184384,1023633280,0,0
1785934613,p348,116950016,1015397248,0,0
1785934617,p348,112473536,1010915712,0,0
1785934621,p348,108098752,1006549248,0,0
1785934625,p348,99691136,998134976,0,0
1785934629,p348,95575360,994026112,0,0
1785934633,p348,91457024,989911360,0,0
1785934637,p348,83598656,982030976,0,0
1785934641,p348,78927296,977375872,0,0
1785934645,p348,74796160,973253248,0,0
1785934649,p348,68698496,967130240,0,0
1785934653,p348,62121280,956389696,0,0
1785934657,p348,57894720,952183232,0,0
1785934661,p348,51470144,945727744,0,0
1785934665,p348,45447040,939728192,0,0
1785934669,p348,41272512,935547200,0,0
1785934673,p348,35739968,930006528,0,0
1785934677,p348,29048256,923325504,0,0
1785934681,p348,24822208,919102336,0,0
1785934685,p348,20585856,914873024,0,0
1785934689,p348,12082880,905270080,0,0
1785934694,p348,11745664,903759616,0,0
1785934698,p348,11029184,895817984,0,0
1785934701,p348,11047936,899932224,0,0
1785934706,p348,11006272,888777984,0,0
1785934712,p348,11137024,861096640,0,0
1785934716,p348,11016448,823162688,0,0
1785934720,p348,21589568,771744896,0,0
1785934723,p348,24171648,745657344,0,0
1785934727,p348,23269120,743293440,0,0
1785934731,p348,23227776,742188032,0,0
1785934734,p348,23229248,741232960,0,0
1785934738,p348,23230848,740656384,0,0
1785934741,p348,23232448,740204800,0,0
1785934745,p348,23234752,739815360,0,0
1785934749,p348,23235904,739436288,0,0
1785934752,p348,23237376,739183616,0,0
1785934756,p348,22466368,738313408,0,0
1785934760,p348,21658880,737494912,0,0
1785934763,p348,20863872,736707264,0,0
1785934767,p348,20006656,735947712,0,0
1785934770,p348,19297408,735281024,0,0
1785934774,p348,18384512,734315840,0,0
1785934778,p348,17476160,733373440,0,0
1785934781,p348,16976512,732942656,0,0
1785934785,p348,16901760,732850240,0,0
1785934789,p348,16772608,732775936,0,0
1785934792,p348,16769600,732784448,0,0
1785934796,p348,16775232,732864256,0,0
1785934800,p348,16664064,732784384,0,0
1785934803,p348,16673088,732755904,0,0
1785934807,p348,16724032,732821568,0,0
1785934810,p348,16746944,732930560,0,0
1785934814,p348,16646528,732872960,0,0
1785934818,p348,16580800,732772416,0,0
1785934821,p348,16515328,732784064,0,0
1785934825,p348,16548032,732876736,0,0
1785934828,p348,16593664,732810240,0,0
1785934832,p348,16522688,732666240,0,0
1785934836,p348,16458688,732472128,0,0
1785934839,p348,16494272,732485760,0,0
1785934843,p348,16342208,732404352,0,0
1785934847,p348,16341376,732353472,0,0
1785934850,p348,16340928,732402368,0,0
1785934854,p348,16289920,732440320,0,0
1785934857,p348,16401024,732585920,0,0
1785934861,p348,16334848,732712704,0,0
1785934865,p348,15928640,732210560,0,0
1785934868,p348,16036096,732261376,0,0
1785934872,p348,15968768,732010816,0,0
1785934875,p348,15965760,732057600,0,0
1785934879,p348,15946048,731997376,0,0
1785934883,p348,16081472,732176000,0,0
1785934886,p348,16038400,732103872,0,0
1785934890,p348,16100032,732115136,0,0
1785934893,p348,16079488,732136448,0,0
1785934897,p348,16054144,731920704,0,0
1785934901,p348,16083840,732028992,0,0
1785934904,p348,16123328,732084288,0,0
1785934908,p348,16103872,731956928,0,0
1785934911,p348,16120000,731984256,0,0
1785934915,p348,16230272,732136768,0,0
1785934919,p348,16302336,732242880,0,0
1785934922,p348,16338304,732240384,0,0
1785934926,p348,16370240,732066240,0,0
1785934929,p348,16344384,731975808,0,0
1785934933,p348,16390272,731981248,0,0
1785934937,p348,16343552,732019264,0,0
1785934940,p348,16322304,731888064,0,0
1785934944,p348,16320000,731962944,0,0
1785934947,p348,16337664,732106624,0,0
1785934951,p348,16340736,732057856,0,0
1785934955,p348,16435968,732206016,0,0
1785934958,p348,16501376,732244800,0,0
1785934962,p348,16551872,732337600,0,0
1785934966,p348,16514752,732274304,0,0
1785934969,p348,16457344,732263680,0,0
1785934973,p348,16526208,732393664,0,0
1785934976,p348,16465984,732372032,0,0
1785934980,p348,16424768,732389632,0,0
1785934984,p348,16394240,732376960,0,0
1785934987,p348,16412608,732302912,0,0
1785934991,p348,16432448,732381184,0,0
1785934994,p348,16532800,732459136,0,0
1785934998,p348,16491328,732411584,0,0
1785935002,p348,16488704,732322176,0,0
1785935005,p348,16548288,732436160,0,0
1785935009,p348,16476096,732326848,0,0
1785935012,p348,16469888,732178496,0,0
1785935016,p348,16508352,732254336,0,0
1785935020,p348,16536960,732212224,0,0
1785935023,p348,16603776,732189952,0,0
1785935027,p348,16598976,732160960,0,0
1785935031,p348,16542208,732142336,0,0
1785935034,p348,16552384,732073600,0,0
1785935038,p348,16521408,732050048,0,0
1785935041,p348,16608640,732178816,0,0
1785935045,p348,16558784,732118784,0,0
1785935049,p348,16551488,732233344,0,0
1785935052,p348,16494976,732143424,0,0
1785935056,p348,16430464,732186816,0,0
1785935059,p348,16394944,732047232,0,0
1785935063,p348,16412224,732034752,0,0
1785935067,p348,16463616,732220992,0,0
1785935070,p348,16540032,732241920,0,0
1785935074,p348,16547200,732284160,0,0
1785935077,p348,16504960,732253248,0,0
1785935081,p348,16468800,732177216,0,0
1785935085,p348,16406400,732067968,0,0
1785935088,p348,16476928,732092480,0,0
1785935092,p348,16470080,732146240,0,0
1785935095,p348,16497536,732244096,0,0
1785935099,p348,16638912,732317696,0,0
1785935103,p348,16567040,732277312,0,0
1785935106,p348,16529536,732255872,0,0
1785935110,p348,16467968,732247232,0,0
1785935113,p348,16448960,732107136,0,0
1785935117,p348,16448192,732146624,0,0
1785935121,p348,16469696,732294400,0,0
1785935124,p348,16347968,732340352,0,0
1785935128,p348,16378496,732327808,0,0
1785935131,p348,16385728,732347712,0,0
1785935135,p348,16382208,732386816,0,0
1785935139,p348,16326464,732379968,0,0
1785935142,p348,16408256,732356800,0,0
1785935146,p348,16457024,732361728,0,0
1785935149,p348,16338560,732079680,0,0
1785935153,p348,16450304,732218816,0,0
1785935157,p348,16445824,732175808,0,0
1785935160,p348,16612480,732369024,0,0
1785935164,p348,16496128,732270592,0,0
1785935168,p348,16510272,732273472,0,0
1785935171,p348,16518976,732236992,0,0
1785935175,p348,16555776,732303488,0,0
1785935178,p348,16575424,732368960,0,0
1785935182,p348,16485184,732176192,0,0
1785935186,p348,16454592,732208640,0,0
1785935189,p348,16486784,732265088,0,0
1785935193,p348,16314112,732125248,0,0
1785935196,p348,16412736,732200448,0,0
1785935200,p348,16419328,732386816,0,0
1785935204,p348,16374272,732286720,0,0
1785935207,p348,16414848,732347520,0,0
1785935211,p348,16434880,732363008,0,0
1785935215,p348,16434752,732377920,0,0
1785935218,p348,16435840,732360448,0,0
1785935222,p348,16371584,732442432,0,0
1785935226,p348,16370368,732395264,0,0
1785935229,p348,16354304,732284672,0,0
1785935233,p348,16391488,732257408,0,0
1785935236,p348,16348992,732187392,0,0
1785935240,p348,16451456,732298880,0,0
1785935244,p348,16469824,732357248,0,0
1785935247,p348,16489728,732352128,0,0
1785935251,p348,16469120,732340736,0,0
1785935254,p348,16341760,732158464,0,0
1785935258,p348,16356288,732212608,0,0
1785935262,p348,16224576,732117568,0,0
1785935265,p348,16222784,732070272,0,0
1785935269,p348,16270080,732024320,0,0
1785935273,p348,16342336,732149888,0,0
1785935276,p348,16271488,732016576,0,0
1785935280,p348,16236672,732065920,0,0
1785935283,p348,16305856,732165824,0,0
1785935287,p348,16289728,732137024,0,0
1785935291,p348,16213120,732203840,0,0
1785935294,p348,16269440,732241344,0,0
1785935298,p348,16349120,732299520,0,0
1785935301,p348,16297600,732196544,0,0
1785935305,p348,16357632,732260928,0,0
1785935309,p348,16297792,732305344,0,0
1785935312,p348,16225280,732219904,0,0
1785935316,p348,16208384,732092864,0,0
1785935320,p348,16252864,732092544,0,0
1785935323,p348,16216960,732128512,0,0
1785935327,p348,16150848,732072640,0,0
1785935330,p348,16145920,732066176,0,0
1785935334,p348,16113664,732198976,0,0
1785935338,p348,16055936,732103872,0,0
1785935341,p348,16042112,732111808,0,0
1785935345,p348,16060480,732150592,0,0
1785935348,p348,15997952,731942144,0,0
1785935352,p348,15901120,731771136,0,0
1785935356,p348,15857152,731661888,0,0
1785935359,p348,15895808,731788928,0,0
1785935363,p348,15878528,731670912,0,0
1785935367,p348,15873664,731621376,0,0
1785935370,p348,15906240,731692160,0,0
1785935374,p348,15951232,731645696,0,0
1785935377,p348,15991104,731536576,0,0
1785935381,p348,16063232,731688768,0,0
1785935385,p348,16084480,731835008,0,0
1785935388,p348,16170816,731859520,0,0
1785935392,p348,16136064,731848192,0,0
1785935395,p348,16155776,731960704,0,0
1785935399,p348,16113600,732046592,0,0
1785935403,p348,16121152,732053504,0,0
1785935406,p348,16115584,731968512,0,0
1785935410,p348,16144768,732018368,0,0
1785935414,p348,16134912,732052864,0,0
1785935417,p348,16083072,732030208,0,0
1785935421,p348,16048704,731975808,0,0
1785935424,p348,16114304,732032448,0,0
1785935428,p348,16054656,731930432,0,0
1785935432,p348,16116288,731982592,0,0
1785935435,p348,16088384,731971200,0,0
1785935439,p348,16053376,731817856,0,0
1785935443,p348,16099840,731816704,0,0
1785935446,p348,16195200,731897536,0,0
1785935450,p348,16187456,731943040,0,0
1785935453,p348,16275328,732056704,0,0
1785935457,p348,16153728,731779392,0,0
1785935461,p348,16228352,731912256,0,0
1785935464,p348,16329472,732045824,0,0
1785935468,p348,16303168,732010432,0,0
1785935472,p348,16262464,731988544,0,0
1785935475,p348,16272128,731915904,0,0
1785935479,p348,16246976,731898624,0,0
1785935482,p348,16314368,732027584,0,0
1785935486,p348,16363008,732240704,0,0
1785935490,p348,16343680,732127040,0,0
1785935493,p348,16355712,732130816,0,0
1785935497,p348,16335872,732041216,0,0
1785935500,p348,16322624,732041664,0,0
1785935504,p348,16379136,732301632,0,0
1785935508,p348,16415296,732443456,0,0
1785935511,p348,16450368,732450624,0,0
1785935515,p348,16385344,732416704,0,0
1785935519,p348,16365184,732380480,0,0
1785935522,p348,16313344,732313024,0,0
1785935526,p348,16238208,732215552,0,0
1785935530,p348,16321280,732299648,0,0
1785935534,p348,14388928,728875840,0,0
1785935537,p348,14959360,726948544,0,0
1785935541,p348,13527872,726031296,0,0
1785935544,p348,12498432,724907136,0,0
1785935548,p348,12009024,723771328,0,0
1785935552,p348,12011328,722536128,0,0
1785935556,p348,12013824,721416128,0,0
1785935560,p348,12015744,720719104,0,0
1785935563,p348,14744384,723809728,0,0
1785935567,p348,13614976,722702080,0,0
1785935571,p348,12715456,721818944,0,0
1785935574,p348,12017728,720982592,0,0
1785935578,p348,12004864,719842048,0,0
1785935582,p348,12007808,719149504,0,0
1785935586,p348,12008768,718596608,0,0
1785935589,p348,14452800,721472256,0,0
1785935593,p348,13659648,720637568,0,0
1785935597,p348,12811200,719802752,0,0
1785935600,p348,12020032,718878656,0,0
1785935604,p348,12011328,718080576,0,0
1785935608,p348,12012864,717559936,0,0
1785935612,p348,12014400,716915520,0,0
1785935616,p348,12015936,716667136,0,0
1785935619,p348,14992960,720244480,0,0
1785935623,p348,14046400,719303808,0,0
1785935627,p348,13197952,718462336,0,0
1785935630,p348,12810304,718088768,0,0
1785935634,p348,12346048,717619136,0,0
1785935637,p348,12020928,717308992,0,0
1785935641,p348,12095424,717322688,0,0
1785935645,p348,12006272,717015680,0,0
1785935649,p348,12007040,716417600,0,0
1785935653,p348,12008960,715826944,0,0
1785935657,p348,12011072,715693312,0,0
1785935660,p348,12011840,715358656,0,0
1785935664,p348,12013376,715025216,0,0
1785935668,p348,12014720,714710144,0,0
1785935672,p348,14027648,716895168,0,0
1785935675,p348,13320960,716205312,0,0
1785935679,p348,14355968,713366720,0,0
1785935682,p348,13535424,712526848,0,0
1785935686,p348,13122496,712129536,0,0
1785935689,p348,12758592,711759488,0,0
1785935693,p348,12357696,710833408,0,0
1785935697,p348,12011200,710033600,0,0
1785935701,p348,12013120,709732160,0,0
1785935704,p348,12014784,709590720,0,0
1785935708,p348,12015616,709158848,0,0
1785935712,p348,12017728,709055872,0,0
1785935716,p348,12017920,708804736,0,0
1785935720,p348,12013248,708888960,0,0
1785935724,p348,13966144,711368768,0,0
1785935727,p348,13118656,710533376,0,0
1785935731,p348,13115008,710541568,0,0
1785935734,p348,12932032,710372608,0,0
1785935738,p348,12729216,710178880,0,0
1785935741,p348,12246272,709709248,0,0
1785935745,p348,12290816,709759424,0,0
1785935748,p348,12334336,709823040,0,0
1785935752,p348,12090816,709594304,0,0
1785935756,p348,12000128,709167360,0,0
1785935760,p348,12001728,708799744,0,0
1785935764,p348,12003328,708563008,0,0
1785935768,p348,12005056,708377216,0,0
1785935772,p348,12005696,708093632,0,0
1785935776,p348,12007424,707833408,0,0
1785935780,p348,12011392,707775104,0,0
1785935784,p348,12014272,707801536,0,0
1785935788,p348,12036736,707748800,0,0
1785935791,p348,12007424,707649536,0,0
1785935795,p348,12008384,707570688,0,0
1785935799,p348,12009216,707432000,0,0
1785935803,p348,12010176,707132736,0,0
1785935807,p348,12011328,707128832,0,0
1785935811,p348,12013056,707133888,0,0
1785935815,p348,12014016,707321536,0,0
1785935819,p348,12015552,707386496,0,0
1785935823,p348,12016384,707601728,0,0
1785935827,p348,12017152,707491200,0,0
1785935831,p348,12019648,707304512,0,0
1785935835,p348,12016128,707130880,0,0
1785935838,p348,12016576,707089792,0,0
1785935842,p348,12017856,707139200,0,0
1785935846,p348,12132352,707228416,0,0
1785935849,p348,12068160,707185664,0,0
1785935853,p348,12126208,707251776,0,0
1785935857,p348,12010816,707160320,0,0
1785935861,p348,15492096,711941952,0,0
1785935864,p348,15020096,710643840,0,0
1785935868,p348,14702720,709577920,0,0
1785935872,p348,14289088,708550016,0,0
1785935875,p348,13916672,707724160,0,0
1785935879,p348,12682368,706418880,0,0
1785935882,p348,14938240,708558144,0,0
1785935886,p348,14509376,707082944,0,0
1785935890,p348,14353664,706163136,0,0
1785935893,p348,14321280,705561152,0,0
1785935897,p348,14156736,705091200,0,0
1785935901,p348,13951104,704599616,0,0
1785935904,p348,13872320,704290560,0,0
1785935908,p348,13678592,703940288,0,0
1785935912,p348,13501440,703756992,0,0
1785935915,p348,13430848,703651136,0,0
1785935919,p348,13344000,703539008,0,0
1785935923,p348,13423808,703681600,0,0
1785935926,p348,13438592,703628096,0,0
1785935930,p348,13460800,703612288,0,0
1785935933,p348,13390784,703596352,0,0
1785935937,p348,13433792,703661120,0,0
1785935941,p348,13485376,703676864,0,0
1785935944,p348,13565632,703737984,0,0
1785935948,p348,13673088,703858688,0,0
1785935952,p348,13558784,703820352,0,0
1785935955,p348,13584128,703879296,0,0
1785935959,p348,13618240,704083136,0,0
1785935963,p348,13619904,704009856,0,0
1785935966,p348,13526080,703752768,0,0
1785935970,p348,13491840,703686912,0,0
1785935973,p348,13299840,703405440,0,0
1785935977,p348,13350144,703405120,0,0
1785935981,p348,13008640,703034752,0,0
1785935984,p348,12681152,702740032,0,0
1785935988,p348,12608000,702738496,0,0
1785935992,p348,12480704,702585728,0,0
1785935995,p348,12378944,702559936,0,0
1785935999,p348,12498304,702770240,0,0
1785936003,p348,12591552,702868800,0,0
1785936006,p348,12622720,702897216,0,0
1785936010,p348,12558656,702871488,0,0
1785936014,p348,12766144,703056000,0,0
1785936017,p348,12799168,703161664,0,0
1785936021,p348,12780224,703183936,0,0
1785936025,p348,12774720,703145216,0,0
1785936028,p348,12678144,702997376,0,0
1785936032,p348,12707200,703123008,0,0
1785936036,p348,12752256,703152640,0,0
1785936039,p348,12822272,703176448,0,0
1785936043,p348,12774528,703183680,0,0
1785936047,p348,12697984,703009088,0,0
1785936050,p348,12736320,703142144,0,0
1785936054,p348,12719104,703031936,0,0
1785936058,p348,12634496,702970880,0,0
1785936061,p348,12585984,702953152,0,0
1785936065,p348,12623808,702978176,0,0
1785936069,p348,12637632,702989376,0,0
1785936072,p348,12624000,702941568,0,0
1785936076,p348,12620992,702984384,0,0
1785936080,p348,12803200,703133824,0,0
1785936083,p348,12750080,703129920,0,0
1785936087,p348,12967744,703278656,0,0
1785936091,p348,12977088,703285248,0,0
1785936094,p348,12875008,703185024,0,0
1785936098,p348,12982336,703313664,0,0
1785936102,p348,12948480,703288256,0,0
1785936105,p348,12934720,703399552,0,0
1785936109,p348,12942400,703320640,0,0
1785936112,p348,12850560,703342848,0,0
1785936116,p348,12855168,703304448,0,0
1785936120,p348,12878528,703312640,0,0
1785936123,p348,12892352,703349952,0,0
1785936127,p348,12782976,703231680,0,0
1785936131,p348,12841664,703293888,0,0
1785936134,p348,12831360,703315584,0,0
1785936138,p348,12892288,703330752,0,0
1785936142,p348,12768512,703176704,0,0
1785936145,p348,12859264,703310784,0,0
1785936149,p348,12819008,703238912,0,0
1785936153,p348,12727232,703143360,0,0
1785936156,p348,12788096,703246848,0,0
1785936160,p348,12870400,703390720,0,0
1785936164,p348,12814656,703342528,0,0
1785936167,p348,12833792,703330752,0,0
1785936171,p348,12760064,703282048,0,0
1785936174,p348,12682816,703130176,0,0
1785936178,p348,12700864,703279744,0,0
1785936182,p348,12811968,703443520,0,0
1785936185,p348,12825024,703499072,0,0
1785936189,p348,12848128,703550848,0,0
1785936193,p348,12819776,703544320,0,0
1785936196,p348,12922176,703654080,0,0
1785936200,p348,12871360,703748160,0,0
1785936204,p348,12979200,703867776,0,0
1785936207,p348,12878400,703669888,0,0
1785936211,p348,13096000,703893120,0,0
1785936215,p348,13166080,703921216,0,0
1785936218,p348,13134080,703937024,0,0
1785936222,p348,13070976,703730560,0,0
1785936226,p348,13110336,703755072,0,0
1785936229,p348,13170880,703868352,0,0
1785936233,p348,13101888,703871232,0,0
1785936237,p348,13046656,703797568,0,0
1785936240,p348,13192640,703907904,0,0
1785936244,p348,13112576,703826432,0,0
1785936248,p348,13136448,703772992,0,0
1785936251,p348,13303360,703892224,0,0
1785936255,p348,13162240,703789824,0,0
1785936259,p348,13160704,703699776,0,0
1785936262,p348,13154496,703645056,0,0
1785936266,p348,13090112,703616576,0,0
1785936270,p348,13081152,703612608,0,0
1785936273,p348,13289088,703867712,0,0
1785936277,p348,13321216,703942720,0,0
1785936281,p348,13337088,703888128,0,0
1785936284,p348,13510976,704115392,0,0
1785936288,p348,13529920,704136960,0,0
1785936291,p348,13495808,704050496,0,0
1785936295,p348,13387136,703934016,0,0
1785936299,p348,13305024,703915520,0,0
1785936302,p348,13356352,704064960,0,0
1785936306,p348,13340096,704049408,0,0
1785936310,p348,13442112,704152064,0,0
1785936313,p348,13392128,704180096,0,0
1785936317,p348,13295744,703991808,0,0
1785936320,p348,13310592,704111232,0,0
1785936324,p348,13387328,704124800,0,0
1785936328,p348,13505792,704221760,0,0
1785936331,p348,13419392,704188096,0,0
1785936335,p348,13577216,704345088,0,0
1785936339,p348,13612096,704342400,0,0
1785936342,p348,13582528,704246976,0,0
1785936346,p348,13592960,704216064,0,0
1785936349,p348,13554688,704271488,0,0
1785936353,p348,13589568,704316544,0,0
1785936357,p348,13553216,704360640,0,0
1785936360,p348,13569728,704436800,0,0
1785936364,p348,13602688,704486016,0,0
1785936368,p348,13527552,704434432,0,0
1785936371,p348,13592960,704482688,0,0
1785936375,p348,13548288,704437632,0,0
1785936379,p348,13507648,704313728,0,0
1785936382,p348,13648448,704454400,0,0
1785936386,p348,13631872,704463808,0,0
1785936390,p348,13763328,704554560,0,0
1785936393,p348,13625984,704530176,0,0
1785936397,p348,13593408,704499968,0,0
1785936401,p348,13527552,704380608,0,0
1785936404,p348,13570688,704502592,0,0
1785936408,p348,13605888,704556544,0,0
1785936411,p348,13608192,704574272,0,0
1785936415,p348,13491648,704430656,0,0
1785936419,p348,13521792,704425600,0,0
1785936422,p348,13443328,704333952,0,0
1785936426,p348,13453312,704402048,0,0
1785936430,p348,13436928,704454464,0,0
1785936433,p348,13447104,704508544,0,0
1785936437,p348,13429184,704500736,0,0
1785936441,p348,13563072,704629696,0,0
1785936444,p348,13682240,704682944,0,0
1785936448,p348,13667648,704684288,0,0
1785936452,p348,13758080,704811648,0,0
1785936455,p348,13792128,704879744,0,0
1785936459,p348,13940480,705016960,0,0
1785936462,p348,13999744,705127488,0,0
1785936466,p348,13931008,705153984,0,0
1785936470,p348,13884160,704991808,0,0
1785936473,p348,16290752,709176768,0,0
1785936477,p348,21576000,714445440,0,0
1785936480,p348,31454400,730879040,0,0
1785936484,p348,35731904,736080192,0,0
1785936488,p348,58199168,960817344,0,0
1785936491,p348,372694080,1437593984,0,0
1785936495,p348,419282112,1674072768,0,0
1785936498,p348,419168064,1674347392,0,0
1785936502,p348,419089600,1674231936,0,0
1785936506,p348,419071360,1674259264,0,0
1785936509,p348,418826880,1674065792,0,0
1785936513,p348,418633728,1673777280,0,0
1785936516,p348,418715520,1673777536,0,0
1785936520,p348,418785408,1673991296,0,0
1785936523,p348,418624640,1673845504,0,0
1785936527,p348,418797440,1674052544,0,0
1785936530,p348,418918720,1674148928,0,0
1785936534,p348,418784512,1673992768,0,0
1785936537,p348,418819584,1673991488,0,0
1785936541,p348,418882624,1674225664,0,0
1785936544,p348,419027200,1674333568,0,0
1785936548,p348,418966208,1674074176,0,0
1785936551,p348,418950528,1674254144,0,0
1785936555,p348,418893632,1674245824,0,0
1785936558,p348,418822912,1674212800,0,0
1785936562,p348,418774848,1674272960,0,0
1785936565,p348,418816000,1674095040,0,0
1785936569,t2b348,418722048,1674297344,0,0
1785936572,t2b348,418699584,1674303232,0,0
1785936576,t2b348,418738112,1674369792,0,0
1785936579,t2b348,418796224,1674461504,0,0
1785936583,t2b348,418778368,1674460096,0,0
1785936587,t2b348,418802240,1674505280,0,0
1785936590,t2b348,418913024,1674632768,0,0
1785936594,t2b348,418984960,1674725184,0,0
1785936597,t2b348,418875648,1674633856,0,0
1785936601,t2b348,418857344,1674511296,0,0
1785936604,t2b348,418729152,1674280768,0,0
1785936608,t2b348,418808832,1673416128,0,0
1785936611,t2b348,418857792,1674148032,0,0
1785936615,t2b348,418985216,1674270400,0,0
1785936619,t2b348,418784000,1673968960,0,0
1785936622,t2b348,418700480,1670515456,0,0
1785936626,t2b348,418735104,1669276032,0,0
1785936630,t2b348,418516992,1668286528,0,0
1785936633,t2b348,418498496,1667421248,0,0
1785936637,t2b348,418486976,1666770496,0,0
1785936641,t2b348,418601984,1666240832,0,0
1785936644,t2b348,418634624,1665581760,0,0
1785936648,t2b348,418798400,1665042624,0,0
1785936652,t2b348,418698432,1664403520,0,0
1785936655,t2b348,418848512,1663904384,0,0
1785936659,t2b348,418623040,1662937856,0,0
1785936662,t2b348,418525312,1662274880,0,0
1785936666,t2b348,418610752,1661505920,0,0
1785936670,t2b348,418553856,1657716800,0,0
1785936673,t2b348,418540352,1656907584,0,0
1785936678,t2b348,418499904,1671819136,0,0
1785936682,t2b348,343495360,1605579840,0,0
1785936688,t2b348,257293824,1486398592,0,0
1785936691,t2b348,218586880,1408002880,0,0
1785936695,t2b348,228401920,1402155264,0,0
1785936699,t2b348,237374592,1394981824,0,0
1785936702,t2b348,246781248,1386732992,0,0
1785936706,t2b348,255972160,1375825664,0,0
1785936710,t2b348,267738048,1372313536,0,0
1785936714,t2b348,276526720,1361855936,0,0
1785936717,t2b348,288014464,1356945600,0,0
1785936721,t2b348,299347136,1349294208,0,0
1785936725,t2b348,308404992,1336267136,0,0
1785936729,t2b348,317562496,1330238656,0,0
1785936733,t2b348,310610304,1323300864,0,0
1785936737,t2b348,305275904,1317967680,0,0
1785936740,t2b348,300280192,1312973760,0,0
1785936744,t2b348,299772160,1314738816,0,0
1785936747,t2b348,299343552,1314327360,0,0
1785936751,t2b348,299211264,1314182976,0,0
1785936755,t2b348,299274624,1314118144,0,0
1785936758,t2b348,298892928,1313748096,0,0
1785936762,t2b348,298683712,1313532544,0,0
1785936765,t2b348,298531968,1313394624,0,0
1785936769,t2b348,298600768,1313450816,0,0
1785936773,t2b348,298674560,1313506752,0,0
1785936776,t2b348,298724352,1313564352,0,0
1785936780,t2b348,298853184,1313702656,0,0
1785936783,t2b348,298766848,1313626560,0,0
1785936787,t2b348,298772992,1313640000,0,0
1785936790,t2b348,298733760,1313618240,0,0
1785936794,t2b348,298660544,1313554240,0,0
1785936798,t2b348,298761792,1313661312,0,0
1785936801,t2b348,298752576,1313676224,0,0
1785936805,t2b348,298706048,1313655680,0,0
1785936808,t2b348,298788672,1313750464,0,0
1785936812,t2b348,298669824,1313629696,0,0
1785936816,t2b348,298695872,1313671232,0,0
1785936819,t2b348,298627072,1313618176,0,0
1785936823,t2b348,298499968,1313524416,0,0
1785936826,t2b348,298499648,1313538112,0,0
1785936830,t2b348,298553280,1313608320,0,0
1785936833,t2b348,298542912,1313617920,0,0
1785936837,t2b348,298577344,1313667968,0,0
1785936840,t2b348,298637184,1313760000,0,0
1785936844,t2b348,298817728,1313918400,0,0
1785936848,t2b348,298873216,1313987136,0,0
1785936851,t2b348,298731392,1313838784,0,0
1785936855,t2b348,298798592,1313923328,0,0
1785936858,t2b348,298875456,1314014976,0,0
1785936862,t2b348,298568640,1313721280,0,0
1785936865,t2b348,298475904,1313495232,0,0
1785936869,t2b348,298592512,1313321856,0,0
1785936873,t2b348,298528640,1312929088,0,0
1785936876,t2b348,298664448,1312707200,0,0
1785936880,t2b348,299184832,1312373632,0,0
1785936884,t2b348,299031424,1311735488,0,0
1785936887,t2b348,297955200,1310651584,0,0
1785936891,t2b348,296622528,1309317568,0,0
1785936895,t2b348,295310016,1308007808,0,0
1785936899,t2b348,294071552,1306771712,0,0
1785936902,t2b348,293417024,1306101312,0,0
1785936906,t2b348,292735168,1305438144,0,0
1785936910,t2b348,291929280,1304619968,0,0
1785936914,t2b348,290902720,1303600128,0,0
1785936917,t2b348,289967488,1302663680,0,0
1785936921,t2b348,289068224,1301812160,0,0
1785936925,t2b348,288289664,1301152448,0,0
1785936928,t2b348,287816576,1300682752,0,0
1785936932,t2b348,287325056,1300190208,0,0
1785936936,t2b348,286525888,1299386944,0,0
1785936940,t2b348,286573248,1299436864,0,0
1785936944,t2b348,285995328,1298859968,0,0
1785936947,t2b348,285517568,1298374912,0,0
1785936951,t2b348,285115904,1297976896,0,0
1785936955,t2b348,284796096,1297661760,0,0
1785936959,t2b348,284057280,1296920640,0,0
1785936962,t2b348,283665792,1296531840,0,0
1785936966,t2b348,283203584,1296072192,0,0
1785936970,t2b348,282829184,1295690624,0,0
1785936973,t2b348,282111040,1294980032,0,0
1785936977,t2b348,281346688,1294215296,0,0
1785936981,t2b348,280818112,1293677568,0,0
1785936985,t2b348,279773696,1292740032,0,0
1785936989,t2b348,278883008,1289073984,0,0
1785936993,t2b348,272343808,1281378688,0,0
1785936997,t2b348,252032256,1256757760,0,0
1785937001,t2b348,247542784,1222780736,0,0
1785937005,t2b348,236026432,1187302016,0,0
1785937009,t2b348,228307968,1175000064,0,0
1785937013,t2b348,221651456,1168318208,0,0
1785937017,t2b348,212710272,1159378752,0,0
1785937021,t2b348,207810368,1150760704,0,0
1785937025,t2b348,199335104,1137994496,0,0
1785937029,t2b348,194927616,1133593664,0,0
1785937033,t2b348,186126592,1124790784,0,0
1785937037,t2b348,177654272,1116315456,0,0
1785937041,t2b348,173384768,1112047168,0,0
1785937045,t2b348,164811968,1103478656,0,0
1785937049,t2b348,160786880,1099452224,0,0
1785937053,t2b348,152475456,1091141504,0,0
1785937057,t2b348,144914304,1083577664,0,0
1785937061,t2b348,139699520,1078370624,0,0
1785937065,t2b348,131264960,1069937792,0,0
1785937068,t2b348,126861568,1065522432,0,0
1785937072,t2b348,118157568,1056823744,0,0
1785937076,t2b348,111299392,1049957824,0,0
1785937080,t2b348,105359168,1044033664,0,0
1785937084,t2b348,96926656,1035596352,0,0
1785937088,t2b348,92749824,1031425600,0,0
1785937092,t2b348,84217600,1022891712,0,0
1785937096,t2b348,77821824,1016487552,0,0
1785937100,t2b348,71722688,1010390784,0,0
1785937104,t2b348,63505856,1002183744,0,0
1785937108,t2b348,59533120,998189504,0,0
1785937112,t2b348,51156672,989836224,0,0
1785937116,t2b348,42673280,981348736,0,0
1785937120,t2b348,38428032,977111168,0,0
1785937124,t2b348,30109056,968783488,0,0
1785937128,t2b348,23488704,962165440,0,0
1785937132,t2b348,17222848,955900672,0,0
1785937136,t2b348,12254912,949911488,0,0
1785937144,t2b348,14632128,952370752,0,0
1785937151,t2b348,10496064,941532160,0,0
1785937155,t2b348,15320192,926491968,0,0
1785937160,t2b348,10126464,897405504,0,0
1785937165,t2b348,10400640,847697728,0,0
1785937169,t2b348,12948800,811824448,0,0
1785937172,t2b348,15072000,788611904,0,0
1785937176,t2b348,15072320,787723136,0,0
1785937180,t2b348,14707072,786713792,0,0
1785937184,t2b348,13207296,785216640,0,0
1785937188,t2b348,12164928,775832768,0,0
1785937191,t2b348,12136192,771447168,0,0
1785937195,t2b348,14347392,772195712,0,0
1785937198,t2b348,14332160,771017280,0,0
1785937202,t2b348,14269440,770013376,0,0
1785937206,t2b348,14188672,769352128,0,0
1785937209,t2b348,13133952,767999296,0,0
1785937213,t2b348,14441728,767010368,0,0
1785937217,t2b348,13419712,765739904,0,0
1785937220,t2b348,12486976,764470016,0,0
1785937224,t2b348,12016960,762896320,0,0
1785937228,t2b348,12017920,761590592,0,0
1785937231,t2b348,13739072,763984832,0,0
1785937235,t2b348,12809984,762765568,0,0
1785937239,t2b348,12010112,761425280,0,0
1785937242,t2b348,12005696,760224000,0,0
1785937246,t2b348,13949952,764067136,0,0
1785937250,t2b348,13121280,762574784,0,0
1785937253,t2b348,12205632,761231808,0,0
1785937257,t2b348,12017664,760012288,0,0
1785937260,t2b348,12016512,758858944,0,0
1785937264,t2b348,14840640,761585600,0,0
1785937268,t2b348,14046208,760305728,0,0
1785937271,t2b348,13484672,759464320,0,0
1785937275,t2b348,12932608,758530688,0,0
1785937279,t2b348,12567040,757908352,0,0
1785937282,t2b348,12310336,757297792,0,0
1785937286,t2b348,12131968,756900288,0,0
1785937289,t2b348,12039616,756576448,0,0
1785937293,t2b348,14024192,759675008,0,0
1785937297,t2b348,13405184,758547008,0,0
1785937300,t2b348,13216512,757858752,0,0
1785937304,t2b348,13110208,757320960,0,0
1785937308,t2b348,12971200,756864576,0,0
1785937311,t2b348,13001984,756622592,0,0
1785937315,t2b348,12942016,756271360,0,0
1785937318,t2b348,12894336,756027456,0,0
1785937322,t2b348,12681792,755704320,0,0
1785937326,t2b348,12241408,755226240,0,0
1785937330,t2b348,14242048,758216384,0,0
1785937333,t2b348,13939008,757595712,0,0
1785937337,t2b348,13757248,757066688,0,0
1785937341,t2b348,13783168,756713152,0,0
1785937344,t2b348,13760896,756469056,0,0
1785937348,t2b348,13787264,756291968,0,0
1785937351,t2b348,13694144,756067840,0,0
1785937355,t2b348,13620864,755881920,0,0
1785937359,t2b348,13687424,755660160,0,0
1785937362,t2b348,13818688,755578560,0,0
1785937366,t2b348,13803904,755437312,0,0
1785937370,t2b348,12981824,754624896,0,0
1785937374,t2b348,12699136,754355456,0,0
1785937377,t2b348,12495424,754182720,0,0
1785937381,t2b348,12285120,753944320,0,0
1785937385,t2b348,14516736,757720768,0,0
1785937388,t2b348,14067776,756926400,0,0
1785937392,t2b348,14012416,756624384,0,0
1785937396,t2b348,14033408,756295680,0,0
1785937399,t2b348,13930176,755976832,0,0
1785937403,t2b348,14019712,755810752,0,0
1785937406,t2b348,13890624,755365888,0,0
1785937410,t2b348,13941952,755148096,0,0
1785937414,t2b348,14055744,755041216,0,0
1785937417,t2b348,13993152,754932672,0,0
1785937421,t2b348,13985344,754885696,0,0
1785937424,t2b348,13934912,754856448,0,0
1785937428,t2b348,13894976,754746752,0,0
1785937432,t2b348,13988352,754840320,0,0
1785937435,t2b348,13927808,754703552,0,0
1785937439,t2b348,13957440,754700608,0,0
1785937442,t2b348,13938240,754482176,0,0
1785937446,t2b348,13946368,754433856,0,0
1785937450,t2b348,14054400,754453888,0,0
1785937453,t2b348,13972928,754287296,0,0
1785937457,t2b348,13855680,754181888,0,0
1785937461,t2b348,13899136,754198528,0,0
1785937464,t2b348,13845120,754219712,0,0
1785937468,t2b348,13804352,754119424,0,0
1785937471,t2b348,13915328,754227456,0,0
1785937475,t2b348,13787456,754198528,0,0
1785937479,t2b348,13718080,754062336,0,0
1785937482,t2b348,13707648,753967104,0,0
1785937486,t2b348,13776896,754058048,0,0
1785937489,t2b348,13754816,754020416,0,0
1785937493,t2b348,13748608,754094208,0,0
1785937497,t2b348,13793024,754218176,0,0
1785937500,t2b348,13817344,754261696,0,0
1785937504,t2b348,13824192,754151872,0,0
1785937507,t2b348,13789824,754050944,0,0
1785937511,t2b348,13818880,754096512,0,0
1785937515,t2b348,13915392,754066048,0,0
1785937518,t2b348,13946688,754101504,0,0
1785937522,t2b348,13917440,753930624,0,0
1785937525,t2b348,13976064,753937536,0,0
1785937529,t2b348,13850816,753817408,0,0
1785937533,t2b348,13810048,753741568,0,0
1785937536,t2b348,13697472,753687424,0,0
1785937540,t2b348,13612992,753729728,0,0
1785937544,t2b348,13662848,753667456,0,0
1785937547,t2b348,13635456,753657664,0,0
1785937551,t2b348,13757184,753787968,0,0
1785937554,t2b348,13682368,753703872,0,0
1785937558,t2b348,13627520,753716800,0,0
1785937562,t2b348,13666048,753723712,0,0
1785937565,t2b348,13664896,753782592,0,0
1785937569,t2b348,13713152,753921984,0,0
1785937572,t2b348,13659648,754002624,0,0
1785937576,t2b348,13695936,754105024,0,0
1785937580,t2b348,13744128,754182848,0,0
1785937583,t2b348,13760320,754161280,0,0
1785937587,t2b348,13630144,754006016,0,0
1785937590,t2b348,13641728,753952128,0,0
1785937594,t2b348,13803776,753960192,0,0
1785937598,t2b348,13707584,753939456,0,0
1785937601,t2b348,13783936,754083776,0,0
1785937605,t2b348,13819520,754027008,0,0
1785937609,t2b348,13778624,754082688,0,0
1785937612,t2b348,13917376,754215424,0,0
1785937616,t2b348,13923072,754179712,0,0
1785937619,t2b348,13930112,754145792,0,0
1785937623,t2b348,13834432,754189120,0,0
1785937627,t2b348,13883456,754181568,0,0
1785937630,t2b348,13906112,754053824,0,0
1785937634,t2b348,13801408,753912640,0,0
1785937637,t2b348,13858240,754124096,0,0
1785937641,t2b348,13899392,754176192,0,0
1785937645,t2b348,13889152,754198848,0,0
1785937648,t2b348,13899712,754239232,0,0
1785937652,t2b348,13938432,754278656,0,0
1785937655,t2b348,13952320,754277440,0,0
1785937659,t2b348,13962240,754381568,0,0
1785937663,t2b348,13898816,754244288,0,0
1785937666,t2b348,13823936,754286336,0,0
1785937670,t2b348,13776896,754178752,0,0
1785937674,t2b348,13891968,754241152,0,0
1785937677,t2b348,14000704,754441728,0,0
1785937681,t2b348,13969728,754295488,0,0
1785937684,t2b348,14013504,754344256,0,0
1785937688,t2b348,14073472,754535104,0,0
1785937692,t2b348,14066816,754480064,0,0
1785937695,t2b348,14117312,754476416,0,0
1785937699,t2b348,14075968,754342784,0,0
1785937702,t2b348,14177344,754361856,0,0
1785937706,t2b348,14198336,754398144,0,0
1785937710,t2b348,14192768,754507648,0,0
1785937713,t2b348,14167936,754531648,0,0
1785937717,t2b348,14180416,754667264,0,0
1785937720,t2b348,14151232,754678464,0,0
1785937724,t2b348,14166912,754739968,0,0
1785937728,t2b348,14029888,754638400,0,0
1785937731,t2b348,14032448,754516096,0,0
1785937735,t2b348,14071104,754499200,0,0
1785937738,t2b348,14083904,754576064,0,0
1785937742,t2b348,14112256,754597248,0,0
1785937746,t2b348,14119232,754651584,0,0
1785937749,t2b348,14170176,754683136,0,0
1785937753,t2b348,14242432,754622848,0,0
1785937757,t2b348,14155520,754466240,0,0
1785937760,t2b348,14135040,754530944,0,0
1785937764,t2b348,14166272,754531968,0,0
1785937767,t2b348,14114368,754452800,0,0
1785937771,t2b348,14145408,754481984,0,0
1785937775,t2b348,14168896,754549824,0,0
1785937778,t2b348,14184768,754654080,0,0
1785937782,t2b348,14189568,754633600,0,0
1785937785,t2b348,14324160,754838144,0,0
1785937789,t2b348,14272256,754744384,0,0
1785937793,t2b348,14374720,754881536,0,0
1785937796,t2b348,14404288,755003328,0,0
1785937800,t2b348,14265024,755031232,0,0
1785937803,t2b348,14255424,754966336,0,0
1785937807,t2b348,14242496,754950784,0,0
1785937811,t2b348,14415104,755105984,0,0
1785937814,t2b348,14481280,755229376,0,0
1785937818,t2b348,14347008,755138240,0,0
1785937821,t2b348,14400640,755184128,0,0
1785937825,t2b348,14423744,755389120,0,0
1785937829,t2b348,14449536,755384768,0,0
1785937832,t2b348,14494912,755304576,0,0
1785937836,t2b348,14457472,755268224,0,0
1785937840,t2b348,14413376,755269504,0,0
1785937843,t2b348,14413504,755312704,0,0
1785937847,t2b348,14556928,755404544,0,0
1785937850,t2b348,14544320,755368832,0,0
1785937854,t2b348,14403648,755290496,0,0
1785937858,t2b348,14333824,755254464,0,0
1785937861,t2b348,14290752,755091072,0,0
1785937865,t2b348,14192256,754940416,0,0
1785937868,t2b348,14268608,755004800,0,0
1785937872,t2b348,14380864,755109824,0,0
1785937876,t2b348,14406720,755243904,0,0
1785937879,t2b348,14461504,755398144,0,0
1785937883,t2b348,14483200,755347904,0,0
1785937886,t2b348,14389696,755153280,0,0
1785937890,t2b348,14377664,755161152,0,0
1785937894,t2b348,14530816,755319616,0,0
1785937897,t2b348,14589440,755474048,0,0
1785937901,t2b348,14613440,755371584,0,0
1785937904,t2b348,14505856,755181696,0,0
1785937908,t2b348,14396800,755110336,0,0
1785937912,t2b348,14419648,755129600,0,0
1785937916,t2b348,14666944,755282752,0,0
1785937920,t2b348,14468288,755055680,0,0
1785937924,t2b348,13096576,750860160,0,0
1785937927,t2b348,15764608,751116928,0,0
1785937931,t2b348,15778048,749988096,0,0
1785937934,t2b348,15791680,749220160,0,0
1785937938,t2b348,14899904,748064256,0,0
1785937942,t2b348,13240448,746416832,0,0
1785937946,t2b348,14369024,748576512,0,0
1785937949,t2b348,13369472,746701632,0,0
1785937953,t2b348,12384576,745062400,0,0
1785937956,t2b348,12656832,744061696,0,0
1785937960,t2b348,14905024,747196160,0,0
1785937964,t2b348,13914688,745476736,0,0
1785937967,t2b348,12956224,743868928,0,0
1785937971,t2b348,12007936,742345600,0,0
1785937974,t2b348,14471168,743129600,0,0
1785937978,t2b348,15562944,745941184,0,0
1785937982,t2b348,14603200,744399808,0,0
1785937985,t2b348,13581952,742836416,0,0
1785937989,t2b348,12720832,741482752,0,0
1785937992,t2b348,12012160,740238080,0,0
1785937996,t2b348,12015424,738753664,0,0
1785938000,t2b348,15965952,740592448,0,0
1785938003,t2b348,15057920,742620608,0,0
1785938007,t2b348,14237056,741048832,0,0
1785938010,t2b348,13688576,739851520,0,0
1785938014,t2b348,13248384,738986624,0,0
1785938017,t2b348,12957440,738145536,0,0
1785938021,t2b348,12665216,737439360,0,0
1785938025,t2b348,12599680,736829888,0,0
1785938028,t2b348,12604480,736547200,0,0
1785938032,t2b348,12548352,736200768,0,0
1785938036,t2b348,12456128,735957824,0,0
1785938039,t2b348,14745728,736738688,0,0
1785938043,t2b348,13981568,735343168,0,0
1785938046,t2b348,13680768,734665664,0,0
1785938050,t2b348,13530816,734027200,0,0
1785938054,t2b348,13507264,733643136,0,0
1785938057,t2b348,13441664,733267584,0,0
1785938061,t2b348,13501120,732936320,0,0
1785938065,t2b348,13489344,732665856,0,0
1785938068,t2b348,12899008,732084736,0,0
1785938072,t2b348,13075136,732287232,0,0
1785938076,t2b348,12469184,731621632,0,0
1785938080,t2b348,14461760,735503360,0,0
1785938083,t2b348,13997760,734379520,0,0
1785938087,t2b348,13924992,733917568,0,0
1785938091,t2b348,13922816,733489408,0,0
1785938094,t2b348,13771200,732821312,0,0
1785938098,t2b348,13690880,732520832,0,0
1785938101,t2b348,13529536,732160064,0,0
1785938105,t2b348,13300288,731738624,0,0
1785938109,t2b348,13470720,731750272,0,0
1785938112,t2b348,13654720,731767168,0,0
1785938116,t2b348,13418048,731530112,0,0
1785938120,t2b348,12856640,730944512,0,0
1785938124,t2b348,12513856,730604928,0,0
1785938127,t2b348,14482496,733938112,0,0
1785938131,t2b348,14185792,733078336,0,0
1785938135,t2b348,14080768,732599936,0,0
1785938138,t2b348,14020288,732446272,0,0
1785938142,t2b348,13934144,732080512,0,0
1785938146,t2b348,13837504,731838464,0,0
1785938149,t2b348,13771264,731448640,0,0
1785938153,t2b348,13447360,730783872,0,0
1785938156,t2b348,13208128,730423680,0,0
1785938160,t2b348,12901056,729992640,0,0
1785938164,t2b348,12690240,729940544,0,0
1785938167,t2b348,12505792,729830208,0,0
1785938171,t2b348,12398272,729769664,0,0
1785938175,t2b348,12241408,729502208,0,0
1785938178,t2b348,12290240,729387584,0,0
1785938182,t2b348,12292288,729394816,0,0
1785938186,t2b348,14392000,733166912,0,0
1785938189,t2b348,13726528,731801024,0,0
1785938193,t2b348,13722560,731368576,0,0
1785938197,t2b348,13669248,731132032,0,0
1785938200,t2b348,13695488,730995328,0,0
1785938204,t2b348,13677376,730741888,0,0
1785938207,t2b348,13670720,730774656,0,0
1785938211,t2b348,13720000,730592960,0,0
1785938215,t2b348,13693888,730449344,0,0
1785938218,t2b348,13619200,730212352,0,0
1785938222,t2b348,13677632,730331968,0,0
1785938226,t2b348,13598336,730084928,0,0
1785938229,t2b348,13562816,729864640,0,0
1785938233,t2b348,13621696,729883840,0,0
1785938237,t2b348,13612288,729842816,0,0
1785938240,t2b348,13620864,729916992,0,0
1785938244,t2b348,13653888,729930304,0,0
1785938247,t2b348,13539008,729902336,0,0
1785938251,t2b348,13691264,729988800,0,0
1785938255,t2b348,13657088,729997888,0,0
1785938258,t2b348,13656704,729958784,0,0
1785938262,t2b348,13686656,729986944,0,0
1785938265,t2b348,13662784,729975808,0,0
1785938269,t2b348,13679680,730000192,0,0
1785938273,t2b348,13721472,729948608,0,0
1785938276,t2b348,13768960,729977472,0,0
1785938280,t2b348,13758400,730046720,0,0
1785938283,t2b348,13805888,730023744,0,0
1785938287,t2b348,13805248,729893952,0,0
1785938291,t2b348,13793408,729791936,0,0
1785938294,t2b348,13788096,729723584,0,0
1785938298,t2b348,13804672,729756096,0,0
1785938301,t2b348,13823552,729800256,0,0
1785938305,t2b348,13800128,729801088,0,0
1785938309,t2b348,13755264,729893568,0,0
1785938312,t2b348,13744832,729854144,0,0
1785938316,t2b348,13753216,729971648,0,0
1785938320,t2b348,13840256,730083136,0,0
1785938323,t2b348,13819328,730007040,0,0
1785938327,t2b348,13799744,729824704,0,0
1785938330,t2b348,13786752,729792768,0,0
1785938334,t2b348,13808640,729712576,0,0
1785938338,t2b348,13828992,729779072,0,0
1785938341,t2b348,13838976,729873216,0,0
1785938345,t2b348,13869056,729934144,0,0
1785938348,t2b348,13858304,729851968,0,0
1785938352,t2b348,13901760,729905856,0,0
1785938356,t2b348,13920832,730010112,0,0
1785938359,t2b348,13945856,730036224,0,0
1785938363,t2b348,13974400,730055360,0,0
1785938366,t2b348,13937984,730048064,0,0
1785938370,t2b348,13990784,730080832,0,0
1785938374,t2b348,13972800,730052800,0,0
1785938377,t2b348,13884800,729987008,0,0
1785938381,t2b348,13955584,730235904,0,0
1785938385,t2b348,13912448,730092480,0,0
1785938388,t2b348,13875456,730113600,0,0
1785938392,t2b348,13924288,730262080,0,0
1785938395,t2b348,13948928,730199296,0,0
1785938399,t2b348,13965184,730226112,0,0
1785938403,t2b348,14105216,730357248,0,0
1785938406,t2b348,14092416,730343488,0,0
1785938410,t2b348,14082624,730377792,0,0
1785938414,t2b348,14056064,730458240,0,0
1785938417,t2b348,14203648,730617280,0,0
1785938421,t2b348,14126528,730474560,0,0
1785938424,t2b348,14070272,730486400,0,0
1785938428,t2b348,14093760,730418240,0,0
1785938432,t2b348,14083200,730450880,0,0
1785938435,t2b348,14136640,730445632,0,0
1785938439,t2b348,14181504,730582528,0,0
1785938443,t2b348,14191808,730607040,0,0
1785938446,t2b348,14172800,730620864,0,0
1785938450,t2b348,14200384,730560960,0,0
1785938453,t2b348,14196416,730557376,0,0
1785938457,t2b348,14245760,730626688,0,0
1785938461,t2b348,14267904,730758848,0,0
1785938464,t2b348,14292672,730741120,0,0
1785938468,t2b348,14200064,730708672,0,0
1785938471,t2b348,14216448,730859520,0,0
1785938475,t2b348,14260416,730979840,0,0
1785938479,t2b348,14322048,731028864,0,0
1785938482,t2b348,14303424,730931456,0,0
1785938486,t2b348,14282240,730874368,0,0
1785938490,t2b348,14205632,730754048,0,0
1785938493,t2b348,14287872,730848064,0,0
1785938497,t2b348,14364992,730928448,0,0
1785938500,t2b348,14305536,730909952,0,0
1785938504,t2b348,14354752,731008256,0,0
1785938508,t2b348,14336320,731039040,0,0
1785938511,t2b348,14371712,731155200,0,0
1785938515,t2b348,14413504,731258240,0,0
1785938518,t2b348,14406784,731183488,0,0
1785938522,t2b348,14420928,731175296,0,0
1785938526,t2b348,14461312,731260544,0,0
1785938529,t2b348,14421120,731237376,0,0
1785938533,t2b348,14477376,731341440,0,0
1785938537,t2b348,14559616,731473856,0,0
1785938540,t2b348,14608384,731519680,0,0
1785938544,t2b348,14541376,731452224,0,0
1785938547,t2b348,14616512,731557760,0,0
1785938551,t2b348,14561216,731480768,0,0
1785938555,t2b348,14546368,731454976,0,0
1785938558,t2b348,14459648,731343424,0,0
1785938562,t2b348,14444416,731186112,0,0
1785938565,t2b348,14433216,731114624,0,0
1785938569,t2b348,14567936,731193280,0,0
1785938573,t2b348,14504064,731125632,0,0
1785938576,t2b348,14525760,731270592,0,0
1785938580,t2b348,14539776,731308096,0,0
1785938584,t2b348,14594112,731359744,0,0
1785938587,t2b348,14576576,731348032,0,0
1785938591,t2b348,14651840,731491136,0,0
1785938594,t2b348,14594112,731455424,0,0
1785938598,t2b348,14565440,731484800,0,0
1785938602,t2b348,14521024,731430336,0,0
1785938605,t2b348,14483520,731361088,0,0
1785938609,t2b348,14490112,731345856,0,0
1785938612,t2b348,14586880,731436416,0,0
1785938616,t2b348,14580672,731316224,0,0
1785938620,t2b348,14528704,731325824,0,0
1785938623,t2b348,14599744,731394304,0,0
1785938627,t2b348,14570880,731374464,0,0
1785938631,t2b348,14550592,731323328,0,0
1785938634,t2b348,14591808,731318848,0,0
1785938638,t2b348,14515264,731290048,0,0
1785938641,t2b348,14545472,731446720,0,0
1785938645,t2b348,14611776,731540800,0,0
1785938649,t2b348,14609280,731495104,0,0
1785938652,t2b348,14483712,731467264,0,0
1785938656,t2b348,14575744,731509440,0,0
1785938659,t2b348,14542976,731443008,0,0
1785938663,t2b348,14541568,731449664,0,0
1785938667,t2b348,14556544,731471360,0,0
1785938670,t2b348,14582656,731538944,0,0
1785938674,t2b348,14588736,731440960,0,0
1785938678,t2b348,14589056,731427392,0,0
1785938681,t2b348,14578752,731508992,0,0
1785938685,t2b348,14522752,731458176,0,0
1785938688,t2b348,14591360,731549248,0,0
1785938692,t2b348,14665216,731656960,0,0
1785938696,t2b348,14710400,731671744,0,0
1785938699,t2b348,14778560,731799744,0,0
1785938703,t2b348,14728000,731707584,0,0
1785938706,t2b348,14729856,731874432,0,0
1785938710,t2b348,14732672,731980224,0,0
1785938714,t2b348,14677632,731948032,0,0
1785938717,t2b348,14654144,731859328,0,0
1785938721,t2b348,14690752,731795904,0,0
1785938724,t2b348,14609024,731622592,0,0
1785938728,t2b348,14692928,731695808,0,0
1785938732,t2b348,14677696,731614528,0,0
1785938735,t2b348,14793024,731712704,0,0
1785938739,t2b348,14826048,731770624,0,0
1785938743,t2b348,14777728,731720000,0,0
1785938746,t2b348,14730432,731704512,0,0
1785938750,t2b348,14840320,731798848,0,0
1785938753,t2b348,14863552,731791936,0,0
1785938757,t2b348,14916928,731876608,0,0
1785938761,t2b348,14924544,731863168,0,0
1785938764,t2b348,14856832,731869504,0,0
1785938768,t2b348,14914368,731962752,0,0
1785938772,t2b348,14899200,731993728,0,0
1785938775,t2b348,14880448,731894528,0,0
1785938779,t2b348,16928448,735971712,0,0
1785938783,t2b348,16714624,735871104,0,0
1785938787,t2b348,29679040,753417472,0,0
1785938790,t2b348,35902208,760693056,0,0
1785938794,t2b348,54180480,912963264,0,0
1785938798,t2b348,361777984,1404782400,0,0
1785938801,t2b348,439720064,1677509120,0,0
1785938805,t2b348,439688576,1677366208,0,0
1785938808,t2b348,439758848,1677321728,0,0
1785938812,t2b348,439680512,1677236800,0,0
1785938816,t2b348,439497024,1677090176,0,0
1785938819,t2b348,439430464,1676969472,0,0
1785938823,t2b348,439358912,1676946432,0,0
1785938826,t2b348,439417280,1677060032,0,0
1785938830,t2b348,439284736,1676925760,0,0
1785938833,t2b348,439315712,1677015552,0,0
1785938837,t2b348,439292288,1676840256,0,0
1785938840,t2b348,439219712,1676775104,0,0
1785938844,t2b348,439211904,1676745152,0,0
1785938847,t2b348,439222976,1676961600,0,0
1785938851,t2b348,439115648,1676876736,0,0
1785938854,t2b348,439171584,1676718976,0,0
1785938858,t2b348,439092416,1676877120,0,0
1785938862,t2b348,438885568,1676566912,0,0
1785938865,t2b348,438860160,1676713088,0,0
1785938869,t2b348,438969664,1676839360,0,0
1785938872,t2b348,438984128,1676894208,0,0
